Dataset,Classifier,FS,Balancing,Metric,Mean,StdDev,Rep01,Rep02,Rep03,Rep04,Rep05,Rep06,Rep07,Rep08,Rep09,Rep10
OPENJPA,RandomForest,No,No,Precision,0.8674,0.0049,0.8756,0.8622,0.8634,0.8693,0.8721,0.8691,0.8634,0.8722,0.8648,0.8618
OPENJPA,RandomForest,No,No,Recall,0.7305,0.0040,0.7335,0.7291,0.7265,0.7308,0.7308,0.7318,0.7328,0.7385,0.7265,0.7248
OPENJPA,RandomForest,No,No,AUC,0.9604,0.0014,0.9606,0.9619,0.9617,0.9601,0.9600,0.9584,0.9618,0.9617,0.9603,0.9578
OPENJPA,RandomForest,No,No,Kappa,0.7460,0.0050,0.7525,0.7422,0.7411,0.7472,0.7488,0.7478,0.7454,0.7541,0.7418,0.7390
OPENJPA,RandomForest,No,No,NPofB20,0.6667,0.0041,0.6680,0.6730,0.6680,0.6687,0.6647,0.6670,0.6683,0.6633,0.6683,0.6576
OPENJPA,RandomForest,No,No,PofB20,0.2339,0.0054,0.2365,0.2348,0.2335,0.2295,0.2365,0.2288,0.2345,0.2348,0.2452,0.2255
OPENJPA,NaiveBayes,No,No,Precision,0.6027,0.0014,0.6032,0.6021,0.6029,0.6052,0.6026,0.6047,0.6008,0.6022,0.6022,0.6013
OPENJPA,NaiveBayes,No,No,Recall,0.3674,0.0009,0.3661,0.3664,0.3687,0.3671,0.3667,0.3684,0.3674,0.3671,0.3681,0.3677
OPENJPA,NaiveBayes,No,No,AUC,0.7979,0.0009,0.7990,0.7984,0.7986,0.7987,0.7969,0.7974,0.7967,0.7982,0.7982,0.7969
OPENJPA,NaiveBayes,No,No,Kappa,0.3579,0.0009,0.3572,0.3569,0.3590,0.3588,0.3574,0.3596,0.3570,0.3575,0.3582,0.3575
OPENJPA,NaiveBayes,No,No,NPofB20,0.1956,0.0007,0.1957,0.1951,0.1957,0.1957,0.1947,0.1971,0.1961,0.1957,0.1954,0.1944
OPENJPA,NaiveBayes,No,No,PofB20,0.1379,0.0005,0.1379,0.1379,0.1379,0.1376,0.1386,0.1369,0.1376,0.1379,0.1379,0.1386
OPENJPA,RandomForest,Yes,No,Precision,0.8169,0.0050,0.8251,0.8180,0.8188,0.8234,0.8149,0.8107,0.8129,0.8197,0.8107,0.8145
OPENJPA,RandomForest,Yes,No,Recall,0.7199,0.0059,0.7231,0.7281,0.7214,0.7241,0.7104,0.7208,0.7141,0.7244,0.7208,0.7114
OPENJPA,RandomForest,Yes,No,AUC,0.9524,0.0012,0.9519,0.9519,0.9534,0.9532,0.9523,0.9500,0.9533,0.9527,0.9538,0.9511
OPENJPA,RandomForest,Yes,No,Kappa,0.7103,0.0058,0.7172,0.7163,0.7124,0.7169,0.7030,0.7072,0.7042,0.7149,0.7072,0.7034
OPENJPA,RandomForest,Yes,No,NPofB20,0.6559,0.0024,0.6590,0.6570,0.6573,0.6587,0.6516,0.6536,0.6553,0.6560,0.6570,0.6536
OPENJPA,RandomForest,Yes,No,PofB20,0.2360,0.0052,0.2415,0.2335,0.2311,0.2335,0.2361,0.2281,0.2345,0.2355,0.2442,0.2425
OPENJPA,NaiveBayes,Yes,No,Precision,0.6015,0.0034,0.6038,0.6052,0.5992,0.6020,0.6012,0.5997,0.6077,0.6004,0.6006,0.5955
OPENJPA,NaiveBayes,Yes,No,Recall,0.3697,0.0020,0.3681,0.3707,0.3711,0.3707,0.3711,0.3677,0.3721,0.3694,0.3707,0.3654
OPENJPA,NaiveBayes,Yes,No,AUC,0.7873,0.0051,0.7806,0.7929,0.7832,0.7926,0.7873,0.7958,0.7854,0.7890,0.7845,0.7822
OPENJPA,NaiveBayes,Yes,No,Kappa,0.3590,0.0028,0.3589,0.3615,0.3589,0.3600,0.3598,0.3568,0.3636,0.3583,0.3594,0.3532
OPENJPA,NaiveBayes,Yes,No,NPofB20,0.2065,0.0019,0.2094,0.2077,0.2057,0.2074,0.2044,0.2031,0.2081,0.2054,0.2067,0.2071
OPENJPA,NaiveBayes,Yes,No,PofB20,0.1267,0.0010,0.1276,0.1259,0.1266,0.1263,0.1269,0.1256,0.1279,0.1256,0.1259,0.1283
OPENJPA,RandomForest,No,Oversampling,Precision,0.7658,0.0046,0.7759,0.7608,0.7702,0.7681,0.7654,0.7635,0.7616,0.7636,0.7623,0.7666
OPENJPA,RandomForest,No,Oversampling,Recall,0.8133,0.0067,0.8220,0.8190,0.8059,0.8053,0.8150,0.8140,0.8140,0.8230,0.8096,0.8053
OPENJPA,RandomForest,No,Oversampling,AUC,0.9539,0.0010,0.9551,0.9550,0.9544,0.9522,0.9535,0.9534,0.9550,0.9540,0.9543,0.9526
OPENJPA,RandomForest,No,Oversampling,Kappa,0.7331,0.0048,0.7451,0.7326,0.7321,0.7303,0.7337,0.7318,0.7304,0.7368,0.7285,0.7292
OPENJPA,RandomForest,No,Oversampling,NPofB20,0.6464,0.0026,0.6470,0.6510,0.6460,0.6473,0.6476,0.6470,0.6470,0.6426,0.6470,0.6416
OPENJPA,RandomForest,No,Oversampling,PofB20,0.2813,0.0042,0.2796,0.2849,0.2786,0.2735,0.2779,0.2859,0.2866,0.2849,0.2816,0.2792
OPENJPA,NaiveBayes,No,Oversampling,Precision,0.5849,0.0034,0.5909,0.5852,0.5868,0.5861,0.5810,0.5829,0.5883,0.5826,0.5851,0.5800
OPENJPA,NaiveBayes,No,Oversampling,Recall,0.3780,0.0018,0.3788,0.3774,0.3747,0.3764,0.3774,0.3794,0.3761,0.3794,0.3801,0.3801
OPENJPA,NaiveBayes,No,Oversampling,AUC,0.7957,0.0020,0.7971,0.7953,0.7957,0.7963,0.7967,0.7960,0.7957,0.7951,0.7985,0.7909
OPENJPA,NaiveBayes,No,Oversampling,Kappa,0.3568,0.0016,0.3603,0.3566,0.3556,0.3563,0.3545,0.3568,0.3572,0.3567,0.3584,0.3558
OPENJPA,NaiveBayes,No,Oversampling,NPofB20,0.1949,0.0016,0.1984,0.1937,0.1927,0.1947,0.1937,0.1947,0.1951,0.1947,0.1967,0.1947
OPENJPA,NaiveBayes,No,Oversampling,PofB20,0.1390,0.0008,0.1386,0.1399,0.1403,0.1376,0.1386,0.1386,0.1389,0.1393,0.1389,0.1393
OPENJPA,RandomForest,Yes,Oversampling,Precision,0.7165,0.0047,0.7199,0.7170,0.7137,0.7234,0.7187,0.7058,0.7150,0.7195,0.7174,0.7146
OPENJPA,RandomForest,Yes,Oversampling,Recall,0.8141,0.0044,0.8156,0.8166,0.8153,0.8090,0.8150,0.8150,0.8110,0.8223,0.8146,0.8063
OPENJPA,RandomForest,Yes,Oversampling,AUC,0.9434,0.0013,0.9431,0.9443,0.9451,0.9448,0.9439,0.9409,0.9438,0.9433,0.9428,0.9418
OPENJPA,RandomForest,Yes,Oversampling,Kappa,0.6968,0.0044,0.7002,0.6985,0.6953,0.6995,0.6990,0.6889,0.6940,0.7033,0.6977,0.6913
OPENJPA,RandomForest,Yes,Oversampling,NPofB20,0.6365,0.0036,0.6376,0.6363,0.6416,0.6393,0.6326,0.6336,0.6420,0.6366,0.6319,0.6333
OPENJPA,RandomForest,Yes,Oversampling,PofB20,0.3067,0.0135,0.3210,0.3103,0.3100,0.2852,0.3183,0.2966,0.2876,0.3186,0.3193,0.3003
OPENJPA,NaiveBayes,Yes,Oversampling,Precision,0.5785,0.0031,0.5830,0.5809,0.5799,0.5817,0.5779,0.5738,0.5791,0.5737,0.5775,0.5774
OPENJPA,NaiveBayes,Yes,Oversampling,Recall,0.3930,0.0021,0.3928,0.3935,0.3938,0.3958,0.3928,0.3894,0.3914,0.3941,0.3958,0.3901
OPENJPA,NaiveBayes,Yes,Oversampling,AUC,0.7855,0.0058,0.7773,0.7894,0.7800,0.7943,0.7873,0.7923,0.7818,0.7888,0.7837,0.7799
OPENJPA,NaiveBayes,Yes,Oversampling,Kappa,0.3636,0.0025,0.3659,0.3652,0.3649,0.3672,0.3632,0.3589,0.3629,0.3619,0.3650,0.3612
OPENJPA,NaiveBayes,Yes,Oversampling,NPofB20,0.2147,0.0025,0.2144,0.2188,0.2121,0.2161,0.2108,0.2181,0.2138,0.2141,0.2158,0.2134
OPENJPA,NaiveBayes,Yes,Oversampling,PofB20,0.1288,0.0010,0.1293,0.1273,0.1296,0.1279,0.1299,0.1286,0.1286,0.1276,0.1293,0.1299
OPENJPA,RandomForest,No,Undersampling,Precision,0.6013,0.0035,0.5980,0.6049,0.5974,0.6017,0.6026,0.6077,0.5977,0.5995,0.5998,0.6040
OPENJPA,RandomForest,No,Undersampling,Recall,0.8759,0.0049,0.8828,0.8774,0.8677,0.8704,0.8801,0.8774,0.8804,0.8744,0.8771,0.8707
OPENJPA,RandomForest,No,Undersampling,AUC,0.9394,0.0010,0.9397,0.9398,0.9388,0.9373,0.9386,0.9397,0.9401,0.9409,0.9402,0.9392
OPENJPA,RandomForest,No,Undersampling,Kappa,0.6223,0.0039,0.6215,0.6264,0.6152,0.6206,0.6251,0.6292,0.6204,0.6199,0.6212,0.6230
OPENJPA,RandomForest,No,Undersampling,NPofB20,0.5851,0.0022,0.5842,0.5878,0.5865,0.5858,0.5838,0.5868,0.5835,0.5838,0.5878,0.5812
OPENJPA,RandomForest,No,Undersampling,PofB20,0.2240,0.0095,0.2301,0.2001,0.2224,0.2305,0.2224,0.2261,0.2351,0.2261,0.2265,0.2211
OPENJPA,NaiveBayes,No,Undersampling,Precision,0.5802,0.0029,0.5827,0.5776,0.5805,0.5843,0.5758,0.5798,0.5831,0.5789,0.5820,0.5769
OPENJPA,NaiveBayes,No,Undersampling,Recall,0.3807,0.0013,0.3811,0.3804,0.3818,0.3798,0.3831,0.3784,0.3798,0.3811,0.3818,0.3798
OPENJPA,NaiveBayes,No,Undersampling,AUC,0.7938,0.0020,0.7949,0.7926,0.7932,0.7961,0.7924,0.7934,0.7927,0.7942,0.7978,0.7909
OPENJPA,NaiveBayes,No,Undersampling,Kappa,0.3563,0.0015,0.3579,0.3548,0.3572,0.3577,0.3557,0.3546,0.3572,0.3560,0.3580,0.3540
OPENJPA,NaiveBayes,No,Undersampling,NPofB20,0.1956,0.0013,0.1967,0.1951,0.1964,0.1951,0.1961,0.1954,0.1941,0.1971,0.1967,0.1931
OPENJPA,NaiveBayes,No,Undersampling,PofB20,0.1420,0.0010,0.1420,0.1426,0.1409,0.1403,0.1443,0.1420,0.1420,0.1416,0.1420,0.1420
OPENJPA,RandomForest,No,SMOTE,Precision,0.8191,0.0043,0.8266,0.8217,0.8149,0.8198,0.8164,0.8145,0.8220,0.8240,0.8174,0.8141
OPENJPA,RandomForest,No,SMOTE,Recall,0.8008,0.0052,0.8086,0.8036,0.7939,0.7963,0.7959,0.8006,0.8083,0.8023,0.8029,0.7959
OPENJPA,RandomForest,No,SMOTE,AUC,0.9615,0.0012,0.9623,0.9623,0.9613,0.9609,0.9612,0.9596,0.9637,0.9621,0.9617,0.9601
OPENJPA,RandomForest,No,SMOTE,Kappa,0.7622,0.0056,0.7717,0.7656,0.7553,0.7599,0.7575,0.7591,0.7686,0.7662,0.7624,0.7560
OPENJPA,RandomForest,No,SMOTE,NPofB20,0.6614,0.0041,0.6660,0.6650,0.6617,0.6613,0.6593,0.6546,0.6643,0.6653,0.6617,0.6546
OPENJPA,RandomForest,No,SMOTE,PofB20,0.2473,0.0033,0.2462,0.2472,0.2435,0.2515,0.2482,0.2408,0.2482,0.2515,0.2492,0.2472
OPENJPA,NaiveBayes,No,SMOTE,Precision,0.5812,0.0013,0.5800,0.5808,0.5831,0.5813,0.5813,0.5787,0.5811,0.5821,0.5831,0.5807
OPENJPA,NaiveBayes,No,SMOTE,Recall,0.3822,0.0005,0.3824,0.3818,0.3821,0.3821,0.3831,0.3818,0.3828,0.3814,0.3821,0.3821
OPENJPA,NaiveBayes,No,SMOTE,AUC,0.7995,0.0007,0.8001,0.7997,0.8001,0.8005,0.7989,0.7989,0.7981,0.7995,0.8000,0.7994
OPENJPA,NaiveBayes,No,SMOTE,Kappa,0.3578,0.0007,0.3574,0.3574,0.3587,0.3578,0.3585,0.3563,0.3582,0.3578,0.3587,0.3575
OPENJPA,NaiveBayes,No,SMOTE,NPofB20,0.1985,0.0004,0.1987,0.1977,0.1991,0.1984,0.1981,0.1987,0.1981,0.1984,0.1984,0.1991
OPENJPA,NaiveBayes,No,SMOTE,PofB20,0.1418,0.0007,0.1409,0.1406,0.1423,0.1416,0.1420,0.1416,0.1416,0.1420,0.1423,0.1433
OPENJPA,Ibk,No,No,Precision,0.6052,0.0022,0.6019,0.6070,0.6069,0.6074,0.6068,0.6012,0.6047,0.6065,0.6045,0.6050
OPENJPA,Ibk,No,No,Recall,0.5810,0.0031,0.5752,0.5798,0.5785,0.5828,0.5855,0.5845,0.5815,0.5828,0.5805,0.5785
OPENJPA,Ibk,No,No,AUC,0.7599,0.0021,0.7565,0.7616,0.7593,0.7639,0.7601,0.7611,0.7605,0.7606,0.7588,0.7571
OPENJPA,Ibk,No,No,Kappa,0.4919,0.0025,0.4865,0.4926,0.4918,0.4945,0.4955,0.4910,0.4919,0.4939,0.4912,0.4904
OPENJPA,Ibk,No,No,NPofB20,0.4300,0.0022,0.4272,0.4295,0.4285,0.4319,0.4335,0.4309,0.4309,0.4322,0.4289,0.4269
OPENJPA,Ibk,No,No,PofB20,0.4190,0.0041,0.4168,0.4185,0.4195,0.4202,0.4265,0.4125,0.4198,0.4242,0.4165,0.4155
OPENJPA,Ibk,Yes,No,Precision,0.7013,0.0076,0.6970,0.7039,0.6934,0.6986,0.6976,0.7184,0.6974,0.6998,0.7104,0.6969
OPENJPA,Ibk,Yes,No,Recall,0.6451,0.0056,0.6386,0.6470,0.6443,0.6473,0.6420,0.6536,0.6473,0.6369,0.6530,0.6413
OPENJPA,Ibk,Yes,No,AUC,0.8606,0.0038,0.8574,0.8621,0.8608,0.8594,0.8597,0.8704,0.8605,0.8601,0.8591,0.8563
OPENJPA,Ibk,Yes,No,Kappa,0.5930,0.0077,0.5864,0.5957,0.5874,0.5925,0.5887,0.6090,0.5917,0.5871,0.6035,0.5879
OPENJPA,Ibk,Yes,No,NPofB20,0.5382,0.0057,0.5337,0.5407,0.5387,0.5337,0.5371,0.5528,0.5381,0.5337,0.5387,0.5344
OPENJPA,Ibk,Yes,No,PofB20,0.4580,0.0053,0.4509,0.4619,0.4616,0.4589,0.4656,0.4492,0.4613,0.4582,0.4593,0.4529
OPENJPA,Ibk,No,Oversampling,Precision,0.5396,0.0032,0.5417,0.5437,0.5374,0.5426,0.5390,0.5415,0.5347,0.5421,0.5351,0.5381
OPENJPA,Ibk,No,Oversampling,Recall,0.6349,0.0038,0.6353,0.6356,0.6306,0.6366,0.6346,0.6423,0.6356,0.6383,0.6306,0.6299
OPENJPA,Ibk,No,Oversampling,AUC,0.7610,0.0031,0.7648,0.7626,0.7595,0.7612,0.7617,0.7654,0.7613,0.7600,0.7548,0.7586
OPENJPA,Ibk,No,Oversampling,Kappa,0.4665,0.0040,0.4685,0.4703,0.4627,0.4698,0.4658,0.4713,0.4624,0.4701,0.4607,0.4630
OPENJPA,Ibk,No,Oversampling,NPofB20,0.4362,0.0039,0.4399,0.4379,0.4329,0.4405,0.4355,0.4422,0.4319,0.4369,0.4322,0.4319
OPENJPA,Ibk,No,Oversampling,PofB20,0.2832,0.0195,0.3046,0.2879,0.2849,0.2659,0.2558,0.3049,0.2512,0.2849,0.3016,0.2902
OPENJPA,Ibk,Yes,Oversampling,Precision,0.6188,0.0060,0.6166,0.6199,0.6068,0.6190,0.6254,0.6281,0.6160,0.6209,0.6218,0.6139
OPENJPA,Ibk,Yes,Oversampling,Recall,0.7307,0.0064,0.7231,0.7348,0.7325,0.7281,0.7295,0.7458,0.7325,0.7258,0.7281,0.7265
OPENJPA,Ibk,Yes,Oversampling,AUC,0.8546,0.0044,0.8491,0.8552,0.8531,0.8527,0.8557,0.8656,0.8534,0.8560,0.8521,0.8526
OPENJPA,Ibk,Yes,Oversampling,Kappa,0.5773,0.0068,0.5720,0.5801,0.5679,0.5763,0.5823,0.5922,0.5758,0.5767,0.5786,0.5712
OPENJPA,Ibk,Yes,Oversampling,NPofB20,0.5374,0.0058,0.5307,0.5438,0.5367,0.5331,0.5387,0.5501,0.5377,0.5364,0.5344,0.5324
OPENJPA,Ibk,Yes,Oversampling,PofB20,0.3242,0.0103,0.3240,0.3230,0.3090,0.3170,0.3317,0.3470,0.3273,0.3153,0.3246,0.3233
OPENJPA,Ibk,No,Undersampling,Precision,0.4349,0.0038,0.4303,0.4376,0.4317,0.4387,0.4353,0.4404,0.4384,0.4295,0.4327,0.4347
OPENJPA,Ibk,No,Undersampling,Recall,0.7514,0.0079,0.7385,0.7545,0.7468,0.7528,0.7578,0.7642,0.7589,0.7492,0.7492,0.7418
OPENJPA,Ibk,No,Undersampling,AUC,0.7579,0.0052,0.7505,0.7632,0.7544,0.7609,0.7594,0.7650,0.7637,0.7538,0.7537,0.7540
OPENJPA,Ibk,No,Undersampling,Kappa,0.3958,0.0065,0.3867,0.4000,0.3905,0.4009,0.3980,0.4060,0.4021,0.3884,0.3924,0.3930
OPENJPA,Ibk,No,Undersampling,NPofB20,0.4437,0.0057,0.4379,0.4459,0.4385,0.4469,0.4469,0.4552,0.4472,0.4402,0.4412,0.4372
OPENJPA,Ibk,No,Undersampling,PofB20,0.3585,0.0044,0.3554,0.3611,0.3527,0.3641,0.3580,0.3644,0.3631,0.3540,0.3554,0.3564
OPENJPA,Ibk,No,SMOTE,Precision,0.5592,0.0040,0.5601,0.5639,0.5611,0.5611,0.5580,0.5498,0.5602,0.5582,0.5630,0.5567
OPENJPA,Ibk,No,SMOTE,Recall,0.6586,0.0042,0.6570,0.6543,0.6516,0.6607,0.6650,0.6650,0.6593,0.6587,0.6570,0.6576
OPENJPA,Ibk,No,SMOTE,AUC,0.7782,0.0022,0.7786,0.7770,0.7754,0.7829,0.7788,0.7804,0.7760,0.7776,0.7783,0.7768
OPENJPA,Ibk,No,SMOTE,Kappa,0.4938,0.0026,0.4939,0.4960,0.4924,0.4964,0.4956,0.4884,0.4950,0.4930,0.4964,0.4913
OPENJPA,Ibk,No,SMOTE,NPofB20,0.4494,0.0022,0.4496,0.4482,0.4466,0.4499,0.4546,0.4496,0.4499,0.4486,0.4499,0.4469
OPENJPA,Ibk,No,SMOTE,PofB20,0.3182,0.0027,0.3193,0.3166,0.3163,0.3200,0.3240,0.3146,0.3160,0.3200,0.3176,0.3180
