Dataset,Classifier,FS,Balancing,Step,TrainReleases,TrainRows,TestRelease,TestRows,Precision,Recall,AUC,Kappa,NPofB20,PofB20
OPENJPA,RandomForest,No,No,1,1-1,932,2,951,1.0000,0.0918,0.8334,0.1365,0.4058,0.1546
OPENJPA,RandomForest,No,No,2,1-2,1883,3,952,0.7538,0.4900,0.8455,0.5134,0.3950,0.1150
OPENJPA,RandomForest,No,No,3,1-3,2835,4,1002,0.6080,0.7379,0.8973,0.6038,0.3724,0.1586
OPENJPA,RandomForest,No,No,4,1-4,3837,5,1003,0.8911,0.6522,0.9528,0.7207,0.5942,0.2029
OPENJPA,RandomForest,No,No,5,1-5,4840,6,1008,0.9145,0.6646,0.9066,0.7340,0.6087,0.1677
OPENJPA,RandomForest,No,No,6,1-6,5848,7,1049,0.9412,0.4638,0.8568,0.5418,0.5000,0.0870
OPENJPA,RandomForest,No,No,7,1-7,6897,8,1008,0.8105,0.7299,0.9082,0.7107,0.6351,0.2417
OPENJPA,RandomForest,No,No,8,1-8,7905,9,1055,0.9058,0.9124,0.9757,0.8770,0.7336,0.2737
OPENJPA,RandomForest,No,No,9,1-9,8960,10,1166,0.9407,0.6737,0.8856,0.7058,0.5942,0.1910
OPENJPA,RandomForest,No,No,10,1-10,10126,11,1055,0.4773,0.3500,0.6377,0.2150,0.3867,0.1233
OPENJPA,RandomForest,No,No,11,1-11,11181,12,1243,0.6977,0.6849,0.9043,0.6259,0.5342,0.1689
OPENJPA,RandomForest,No,No,12,1-12,12424,13,1290,0.7674,0.8168,0.9725,0.7512,0.6287,0.1584
OPENJPA,RandomForest,No,No,13,1-13,13714,14,1055,0.6723,0.4571,0.8988,0.4735,0.4914,0.1429
OPENJPA,NaiveBayes,No,No,1,1-1,932,2,951,0.7069,0.3961,0.7737,0.4165,0.2222,0.1353
OPENJPA,NaiveBayes,No,No,2,1-2,1883,3,952,0.5974,0.4600,0.7732,0.4124,0.2550,0.1600
OPENJPA,NaiveBayes,No,No,3,1-3,2835,4,1002,0.4592,0.6207,0.8120,0.4336,0.2759,0.2966
OPENJPA,NaiveBayes,No,No,4,1-4,3837,5,1003,0.4675,0.5725,0.8244,0.4280,0.2681,0.2246
OPENJPA,NaiveBayes,No,No,5,1-5,4840,6,1008,0.5401,0.4596,0.8097,0.4100,0.2422,0.1801
OPENJPA,NaiveBayes,No,No,6,1-6,5848,7,1049,0.6122,0.3261,0.6569,0.2970,0.1884,0.1268
OPENJPA,NaiveBayes,No,No,7,1-7,6897,8,1008,0.5766,0.3744,0.8294,0.3463,0.2654,0.1280
OPENJPA,NaiveBayes,No,No,8,1-8,7905,9,1055,0.6557,0.4380,0.8679,0.4005,0.4161,0.1423
OPENJPA,NaiveBayes,No,No,9,1-9,8960,10,1166,0.6739,0.4934,0.8632,0.4078,0.5836,0.1061
OPENJPA,NaiveBayes,No,No,10,1-10,10126,11,1055,0.5040,0.4233,0.6231,0.2708,0.2033,0.1433
OPENJPA,NaiveBayes,No,No,11,1-11,11181,12,1243,0.5828,0.4338,0.8025,0.4084,0.2283,0.1735
OPENJPA,NaiveBayes,No,No,12,1-12,12424,13,1290,0.5889,0.5248,0.8398,0.4779,0.2723,0.2129
OPENJPA,NaiveBayes,No,No,13,1-13,13714,14,1055,0.4174,0.5771,0.7725,0.3615,0.2400,0.2057
OPENJPA,Ibk,No,No,1,1-1,932,2,951,0.8000,0.1932,0.5899,0.2476,0.1787,0.1787
OPENJPA,Ibk,No,No,2,1-2,1883,3,952,0.3697,0.6100,0.6670,0.2692,0.2900,0.2900
OPENJPA,Ibk,No,No,3,1-3,2835,4,1002,0.4265,0.6207,0.7340,0.4033,0.3517,0.3517
OPENJPA,Ibk,No,No,4,1-4,3837,5,1003,0.5541,0.5942,0.7544,0.5026,0.4348,0.4348
OPENJPA,Ibk,No,No,5,1-5,4840,6,1008,0.6544,0.5528,0.7412,0.5307,0.4348,0.4348
OPENJPA,Ibk,No,No,6,1-6,5848,7,1049,0.6688,0.3804,0.6560,0.3636,0.2935,0.2935
OPENJPA,Ibk,No,No,7,1-7,6897,8,1008,0.7037,0.6303,0.7750,0.5824,0.5071,0.5071
OPENJPA,Ibk,No,No,8,1-8,7905,9,1055,0.6507,0.4964,0.7024,0.4365,0.3905,0.3905
OPENJPA,Ibk,No,No,9,1-9,8960,10,1166,0.8273,0.5464,0.7547,0.5398,0.4350,0.4350
OPENJPA,Ibk,No,No,10,1-10,10126,11,1055,0.2205,0.6733,0.3638,-0.1683,0.2233,0.2233
OPENJPA,Ibk,No,No,11,1-11,11181,12,1243,0.4228,0.4749,0.6691,0.3207,0.2877,0.2877
OPENJPA,Ibk,No,No,12,1-12,12424,13,1290,0.4933,0.5495,0.7230,0.4250,0.3911,0.3911
OPENJPA,Ibk,No,No,13,1-13,13714,14,1055,0.2016,0.4286,0.5480,0.0628,0.2057,0.2057
OPENJPA,RandomForest,Yes,No,1,1-1,932,2,951,0.9053,0.4155,0.8435,0.5012,0.4010,0.2077
OPENJPA,RandomForest,Yes,No,2,1-2,1883,3,952,0.7462,0.4850,0.8006,0.5061,0.3850,0.1200
OPENJPA,RandomForest,Yes,No,3,1-3,2835,4,1002,0.6485,0.7379,0.9123,0.6339,0.4897,0.1517
OPENJPA,RandomForest,Yes,No,4,1-4,3837,5,1003,0.8595,0.7536,0.9645,0.7740,0.6667,0.2174
OPENJPA,RandomForest,Yes,No,5,1-5,4840,6,1008,0.8790,0.6770,0.9057,0.7270,0.6087,0.2050
OPENJPA,RandomForest,Yes,No,6,1-6,5848,7,1049,0.9187,0.4094,0.8624,0.4825,0.4964,0.1232
OPENJPA,RandomForest,Yes,No,7,1-7,6897,8,1008,0.8175,0.4882,0.8972,0.5391,0.5687,0.1801
OPENJPA,RandomForest,Yes,No,8,1-8,7905,9,1055,0.8899,0.7080,0.9649,0.7254,0.7190,0.2080
OPENJPA,RandomForest,Yes,No,9,1-9,8960,10,1166,0.8945,0.5623,0.9392,0.5876,0.7454,0.1777
OPENJPA,RandomForest,Yes,No,10,1-10,10126,11,1055,0.6102,0.1200,0.6265,0.1181,0.2833,0.1300
OPENJPA,RandomForest,Yes,No,11,1-11,11181,12,1243,0.6726,0.6849,0.8976,0.6093,0.5114,0.1644
OPENJPA,RandomForest,Yes,No,12,1-12,12424,13,1290,0.7477,0.7921,0.9637,0.7249,0.6188,0.1634
OPENJPA,RandomForest,Yes,No,13,1-13,13714,14,1055,0.6527,0.6229,0.8959,0.5673,0.5200,0.1371
OPENJPA,NaiveBayes,Yes,No,1,1-1,932,2,951,0.6881,0.3623,0.7715,0.3819,0.2126,0.1014
OPENJPA,NaiveBayes,Yes,No,2,1-2,1883,3,952,0.5706,0.4850,0.7720,0.4105,0.2700,0.1550
OPENJPA,NaiveBayes,Yes,No,3,1-3,2835,4,1002,0.4524,0.6552,0.8048,0.4392,0.2897,0.2966
OPENJPA,NaiveBayes,Yes,No,4,1-4,3837,5,1003,0.4293,0.5725,0.8191,0.3957,0.2754,0.2029
OPENJPA,NaiveBayes,Yes,No,5,1-5,4840,6,1008,0.4966,0.4596,0.8007,0.3826,0.2422,0.1615
OPENJPA,NaiveBayes,Yes,No,6,1-6,5848,7,1049,0.6000,0.3478,0.8262,0.3064,0.1920,0.1087
OPENJPA,NaiveBayes,Yes,No,7,1-7,6897,8,1008,0.5882,0.4265,0.8300,0.3866,0.3365,0.1327
OPENJPA,NaiveBayes,Yes,No,8,1-8,7905,9,1055,0.6145,0.3723,0.8376,0.3329,0.2153,0.1314
OPENJPA,NaiveBayes,Yes,No,9,1-9,8960,10,1166,0.7354,0.7374,0.8733,0.6102,0.5968,0.1008
OPENJPA,NaiveBayes,Yes,No,10,1-10,10126,11,1055,0.5179,0.3867,0.6590,0.2638,0.1800,0.1433
OPENJPA,NaiveBayes,Yes,No,11,1-11,11181,12,1243,0.5808,0.4429,0.7855,0.4131,0.2420,0.1598
OPENJPA,NaiveBayes,Yes,No,12,1-12,12424,13,1290,0.6213,0.5198,0.8253,0.4938,0.3069,0.2030
OPENJPA,NaiveBayes,Yes,No,13,1-13,13714,14,1055,0.4170,0.6171,0.7808,0.3737,0.2686,0.2171
OPENJPA,Ibk,Yes,No,1,1-1,932,2,951,0.7417,0.4300,0.7256,0.4577,0.3623,0.3478
OPENJPA,Ibk,Yes,No,2,1-2,1883,3,952,0.4377,0.6150,0.7036,0.3525,0.2950,0.3000
OPENJPA,Ibk,Yes,No,3,1-3,2835,4,1002,0.6069,0.7241,0.8318,0.5969,0.5172,0.5172
OPENJPA,Ibk,Yes,No,4,1-4,3837,5,1003,0.8761,0.7174,0.9485,0.7590,0.6594,0.5580
OPENJPA,Ibk,Yes,No,5,1-5,4840,6,1008,0.9115,0.6398,0.8910,0.7142,0.5963,0.4410
OPENJPA,Ibk,Yes,No,6,1-6,5848,7,1049,0.8235,0.4058,0.8814,0.4478,0.4022,0.2101
OPENJPA,Ibk,Yes,No,7,1-7,6897,8,1008,0.8136,0.4550,0.9096,0.5100,0.5450,0.2654
OPENJPA,Ibk,Yes,No,8,1-8,7905,9,1055,0.8505,0.6642,0.9522,0.6709,0.6971,0.5109
OPENJPA,Ibk,Yes,No,9,1-9,8960,10,1166,0.8356,0.4987,0.9139,0.5049,0.5119,0.3873
OPENJPA,Ibk,Yes,No,10,1-10,10126,11,1055,0.5977,0.1733,0.6007,0.1615,0.1733,0.1300
OPENJPA,Ibk,Yes,No,11,1-11,11181,12,1243,0.4404,0.4384,0.6749,0.3198,0.2648,0.2648
OPENJPA,Ibk,Yes,No,12,1-12,12424,13,1290,0.5484,0.5050,0.7121,0.4420,0.3614,0.3614
OPENJPA,Ibk,Yes,No,13,1-13,13714,14,1055,0.6143,0.4914,0.7348,0.4675,0.3429,0.3429
OPENJPA,RandomForest,No,Yes,1,1-1,932,2,951,0.7619,0.0773,0.8024,0.1044,0.3623,0.2560
OPENJPA,RandomForest,No,Yes,2,1-2,1883,3,952,0.6227,0.6850,0.8547,0.5543,0.4100,0.1150
OPENJPA,RandomForest,No,Yes,3,1-3,2835,4,1002,0.5413,0.8138,0.8863,0.5765,0.3379,0.2828
OPENJPA,RandomForest,No,Yes,4,1-4,3837,5,1003,0.7755,0.5507,0.9375,0.5981,0.4565,0.2754
OPENJPA,RandomForest,No,Yes,5,1-5,4840,6,1008,0.8692,0.7019,0.9166,0.7394,0.5776,0.1925
OPENJPA,RandomForest,No,Yes,6,1-6,5848,7,1049,0.8765,0.5145,0.8629,0.5634,0.5507,0.1051
OPENJPA,RandomForest,No,Yes,7,1-7,6897,8,1008,0.7633,0.7488,0.9135,0.6922,0.6351,0.1896
OPENJPA,RandomForest,No,Yes,8,1-8,7905,9,1055,0.8586,0.9088,0.9729,0.8403,0.7080,0.3358
OPENJPA,RandomForest,No,Yes,9,1-9,8960,10,1166,0.8553,0.6897,0.8792,0.6676,0.5756,0.2414
OPENJPA,RandomForest,No,Yes,10,1-10,10126,11,1055,0.5581,0.2400,0.6143,0.1986,0.3867,0.1000
OPENJPA,RandomForest,No,Yes,11,1-11,11181,12,1243,0.6074,0.7489,0.9059,0.5912,0.5388,0.1553
OPENJPA,RandomForest,No,Yes,12,1-12,12424,13,1290,0.6406,0.8911,0.9648,0.6886,0.5842,0.2624
OPENJPA,RandomForest,No,Yes,13,1-13,13714,14,1055,0.5842,0.6743,0.8922,0.5451,0.4743,0.1543
OPENJPA,NaiveBayes,No,Yes,1,1-1,932,2,951,0.6960,0.4203,0.7710,0.4308,0.2415,0.1353
OPENJPA,NaiveBayes,No,Yes,2,1-2,1883,3,952,0.5949,0.4700,0.7729,0.4170,0.2550,0.1600
OPENJPA,NaiveBayes,No,Yes,3,1-3,2835,4,1002,0.4579,0.6759,0.8139,0.4513,0.2828,0.3034
OPENJPA,NaiveBayes,No,Yes,4,1-4,3837,5,1003,0.4355,0.5870,0.8213,0.4062,0.2464,0.2464
OPENJPA,NaiveBayes,No,Yes,5,1-5,4840,6,1008,0.5211,0.4596,0.8066,0.3984,0.2422,0.1739
OPENJPA,NaiveBayes,No,Yes,6,1-6,5848,7,1049,0.6000,0.3261,0.7478,0.2912,0.1739,0.1341
OPENJPA,NaiveBayes,No,Yes,7,1-7,6897,8,1008,0.5714,0.4360,0.8297,0.3828,0.3128,0.1517
OPENJPA,NaiveBayes,No,Yes,8,1-8,7905,9,1055,0.6862,0.5985,0.8678,0.5242,0.4672,0.1606
OPENJPA,NaiveBayes,No,Yes,9,1-9,8960,10,1166,0.6223,0.3846,0.8552,0.3033,0.5093,0.1088
OPENJPA,NaiveBayes,No,Yes,10,1-10,10126,11,1055,0.4527,0.4467,0.5966,0.2330,0.2100,0.1500
OPENJPA,NaiveBayes,No,Yes,11,1-11,11181,12,1243,0.5562,0.4521,0.8023,0.4047,0.2374,0.1735
OPENJPA,NaiveBayes,No,Yes,12,1-12,12424,13,1290,0.5838,0.5347,0.8404,0.4803,0.2673,0.2129
OPENJPA,NaiveBayes,No,Yes,13,1-13,13714,14,1055,0.4198,0.5829,0.7747,0.3657,0.2400,0.2000
OPENJPA,Ibk,No,Yes,1,1-1,932,2,951,0.7963,0.2077,0.5610,0.2631,0.1884,0.1884
OPENJPA,Ibk,No,Yes,2,1-2,1883,3,952,0.3310,0.7100,0.6447,0.2312,0.3550,0.2250
OPENJPA,Ibk,No,Yes,3,1-3,2835,4,1002,0.3876,0.6897,0.7763,0.3817,0.3379,0.3103
OPENJPA,Ibk,No,Yes,4,1-4,3837,5,1003,0.4872,0.6884,0.8027,0.4881,0.4638,0.3116
OPENJPA,Ibk,No,Yes,5,1-5,4840,6,1008,0.5220,0.5901,0.6925,0.4629,0.4286,0.2857
OPENJPA,Ibk,No,Yes,6,1-6,5848,7,1049,0.5874,0.4384,0.6877,0.3576,0.3080,0.2065
OPENJPA,Ibk,No,Yes,7,1-7,6897,8,1008,0.6471,0.6777,0.7854,0.5699,0.5166,0.2986
OPENJPA,Ibk,No,Yes,8,1-8,7905,9,1055,0.6229,0.6752,0.7613,0.5177,0.5109,0.3358
OPENJPA,Ibk,No,Yes,9,1-9,8960,10,1166,0.7329,0.5676,0.7673,0.4981,0.4244,0.2334
OPENJPA,Ibk,No,Yes,10,1-10,10126,11,1055,0.2228,0.6900,0.3266,-0.1632,0.2267,0.1100
OPENJPA,Ibk,No,Yes,11,1-11,11181,12,1243,0.3545,0.5342,0.6540,0.2720,0.2968,0.2374
OPENJPA,Ibk,No,Yes,12,1-12,12424,13,1290,0.4586,0.6040,0.7041,0.4177,0.3861,0.2079
OPENJPA,Ibk,No,Yes,13,1-13,13714,14,1055,0.2060,0.4686,0.5446,0.0725,0.2171,0.1657
OPENJPA,RandomForest,Yes,Yes,1,1-1,932,2,951,0.7254,0.4976,0.8374,0.5021,0.3913,0.2512
OPENJPA,RandomForest,Yes,Yes,2,1-2,1883,3,952,0.6087,0.6300,0.8301,0.5157,0.3900,0.1250
OPENJPA,RandomForest,Yes,Yes,3,1-3,2835,4,1002,0.4793,0.8000,0.9023,0.5110,0.4414,0.2276
OPENJPA,RandomForest,Yes,Yes,4,1-4,3837,5,1003,0.6906,0.9058,0.9577,0.7437,0.5942,0.4928
OPENJPA,RandomForest,Yes,Yes,5,1-5,4840,6,1008,0.8231,0.7516,0.9167,0.7472,0.6149,0.4845
OPENJPA,RandomForest,Yes,Yes,6,1-6,5848,7,1049,0.8713,0.5399,0.8440,0.5827,0.5072,0.1630
OPENJPA,RandomForest,Yes,Yes,7,1-7,6897,8,1008,0.7487,0.6635,0.8845,0.6309,0.5782,0.3033
OPENJPA,RandomForest,Yes,Yes,8,1-8,7905,9,1055,0.8369,0.8613,0.9659,0.7949,0.7263,0.3613
OPENJPA,RandomForest,Yes,Yes,9,1-9,8960,10,1166,0.8228,0.7268,0.9281,0.6725,0.7374,0.2573
OPENJPA,RandomForest,Yes,Yes,10,1-10,10126,11,1055,0.7500,0.0800,0.6008,0.0950,0.3633,0.1467
OPENJPA,RandomForest,Yes,Yes,11,1-11,11181,12,1243,0.5916,0.7078,0.8959,0.5600,0.5160,0.1872
OPENJPA,RandomForest,Yes,Yes,12,1-12,12424,13,1290,0.6407,0.8564,0.9581,0.6748,0.5792,0.1832
OPENJPA,RandomForest,Yes,Yes,13,1-13,13714,14,1055,0.5738,0.8000,0.8870,0.5888,0.4971,0.1486
OPENJPA,NaiveBayes,Yes,Yes,1,1-1,932,2,951,0.6642,0.4300,0.7709,0.4233,0.2271,0.1208
OPENJPA,NaiveBayes,Yes,Yes,2,1-2,1883,3,952,0.5556,0.5000,0.7702,0.4086,0.2700,0.1500
OPENJPA,NaiveBayes,Yes,Yes,3,1-3,2835,4,1002,0.4298,0.6759,0.8044,0.4235,0.2897,0.3034
OPENJPA,NaiveBayes,Yes,Yes,4,1-4,3837,5,1003,0.4598,0.5797,0.8192,0.4245,0.2681,0.2246
OPENJPA,NaiveBayes,Yes,Yes,5,1-5,4840,6,1008,0.4756,0.4845,0.8004,0.3801,0.2360,0.1615
OPENJPA,NaiveBayes,Yes,Yes,6,1-6,5848,7,1049,0.5608,0.3841,0.8267,0.3079,0.2355,0.1123
OPENJPA,NaiveBayes,Yes,Yes,7,1-7,6897,8,1008,0.5765,0.4645,0.8301,0.4029,0.3602,0.1280
OPENJPA,NaiveBayes,Yes,Yes,8,1-8,7905,9,1055,0.5912,0.3905,0.8376,0.3324,0.2226,0.1314
OPENJPA,NaiveBayes,Yes,Yes,9,1-9,8960,10,1166,0.7164,0.7639,0.8739,0.6089,0.6048,0.1034
OPENJPA,NaiveBayes,Yes,Yes,10,1-10,10126,11,1055,0.4940,0.4133,0.6750,0.2578,0.2167,0.1333
OPENJPA,NaiveBayes,Yes,Yes,11,1-11,11181,12,1243,0.5495,0.4566,0.7839,0.4033,0.2374,0.1598
OPENJPA,NaiveBayes,Yes,Yes,12,1-12,12424,13,1290,0.5693,0.5693,0.8261,0.4893,0.2970,0.2079
OPENJPA,NaiveBayes,Yes,Yes,13,1-13,13714,14,1055,0.3738,0.6514,0.7759,0.3348,0.2800,0.2171
OPENJPA,Ibk,Yes,Yes,1,1-1,932,2,951,0.6776,0.4976,0.7103,0.4775,0.3575,0.2657
OPENJPA,Ibk,Yes,Yes,2,1-2,1883,3,952,0.3397,0.6250,0.6480,0.2307,0.2900,0.1800
OPENJPA,Ibk,Yes,Yes,3,1-3,2835,4,1002,0.4609,0.7724,0.8046,0.4837,0.4759,0.2897
OPENJPA,Ibk,Yes,Yes,4,1-4,3837,5,1003,0.6836,0.8768,0.9251,0.7259,0.6304,0.3406
OPENJPA,Ibk,Yes,Yes,5,1-5,4840,6,1008,0.8264,0.7391,0.8786,0.7413,0.6025,0.3913
OPENJPA,Ibk,Yes,Yes,6,1-6,5848,7,1049,0.8022,0.5290,0.8248,0.5417,0.4239,0.2138
OPENJPA,Ibk,Yes,Yes,7,1-7,6897,8,1008,0.7330,0.6635,0.8769,0.6212,0.5498,0.2512
OPENJPA,Ibk,Yes,Yes,8,1-8,7905,9,1055,0.8303,0.8394,0.9380,0.7765,0.7044,0.3321
OPENJPA,Ibk,Yes,Yes,9,1-9,8960,10,1166,0.7701,0.6844,0.8988,0.6043,0.5544,0.3289
OPENJPA,Ibk,Yes,Yes,10,1-10,10126,11,1055,0.6044,0.1833,0.6159,0.1717,0.1900,0.1167
OPENJPA,Ibk,Yes,Yes,11,1-11,11181,12,1243,0.4135,0.5023,0.6547,0.3227,0.2968,0.2100
OPENJPA,Ibk,Yes,Yes,12,1-12,12424,13,1290,0.4912,0.5495,0.7320,0.4233,0.3416,0.2426
OPENJPA,Ibk,Yes,Yes,13,1-13,13714,14,1055,0.5329,0.5086,0.7198,0.4278,0.3086,0.2457
