Rank,Module,Class,SonarSmells,PmdSmells,LOC,NCSS,Methods,LinesPerMethod,Path
1,openjpa-kernel,PCEnhancer,217,698,5809,3958,133,29.76,openjpa-kernel/src/main/java/org/apache/openjpa/enhance/PCEnhancer.java
2,openjpa-jdbc,DBDictionary,203,276,6122,3959,342,11.58,openjpa-jdbc/src/main/java/org/apache/openjpa/jdbc/sql/DBDictionary.java
3,openjpa-persistence,XMLPersistenceMetaDataParser,182,175,3001,2274,165,13.78,openjpa-persistence/src/main/java/org/apache/openjpa/persistence/XMLPersistenceMetaDataParser.java
4,openjpa-kernel,BrokerImpl,150,360,5511,4162,296,14.06,openjpa-kernel/src/main/java/org/apache/openjpa/kernel/BrokerImpl.java
5,openjpa-jdbc,SelectImpl,126,230,3627,2703,305,8.86,openjpa-jdbc/src/main/java/org/apache/openjpa/jdbc/sql/SelectImpl.java
6,openjpa-kernel,FieldMetaData,123,156,2589,1702,184,9.25,openjpa-kernel/src/main/java/org/apache/openjpa/meta/FieldMetaData.java
7,openjpa-kernel,ClassMetaData,92,174,2870,1864,167,11.16,openjpa-kernel/src/main/java/org/apache/openjpa/meta/ClassMetaData.java
8,openjpa-kernel,MetaDataRepository,83,108,2588,1622,140,11.59,openjpa-kernel/src/main/java/org/apache/openjpa/meta/MetaDataRepository.java
9,openjpa-persistence-jdbc,XMLPersistenceMappingParser,75,96,1857,1477,86,17.17,openjpa-persistence-jdbc/src/main/java/org/apache/openjpa/persistence/jdbc/XMLPersistenceMappingParser.java
10,openjpa-jdbc,OracleDictionary,73,157,1617,1229,71,17.31,openjpa-jdbc/src/main/java/org/apache/openjpa/jdbc/sql/OracleDictionary.java
11,openjpa-persistence,AnnotationPersistenceMetaDataParser,71,119,2243,1709,96,17.80,openjpa-persistence/src/main/java/org/apache/openjpa/persistence/AnnotationPersistenceMetaDataParser.java
12,openjpa-kernel,PCDataGenerator,68,143,1310,955,33,28.94,openjpa-kernel/src/main/java/org/apache/openjpa/enhance/PCDataGenerator.java
13,openjpa-jdbc,SchemaGenerator,68,68,1086,715,44,16.25,openjpa-jdbc/src/main/java/org/apache/openjpa/jdbc/schema/SchemaGenerator.java
14,openjpa-kernel,QueryImpl,67,130,2448,1846,181,10.20,openjpa-kernel/src/main/java/org/apache/openjpa/kernel/QueryImpl.java
15,openjpa-jdbc,MappingRepository,67,107,1624,1203,84,14.32,openjpa-jdbc/src/main/java/org/apache/openjpa/jdbc/meta/MappingRepository.java
16,openjpa-kernel,ProxyManagerImpl,66,111,2045,1511,72,20.99,openjpa-kernel/src/main/java/org/apache/openjpa/util/ProxyManagerImpl.java
17,openjpa-jdbc,Table,65,46,982,648,81,8.00,openjpa-jdbc/src/main/java/org/apache/openjpa/jdbc/schema/Table.java
18,openjpa-jdbc,ReverseMappingTool,58,96,2322,1497,122,12.27,openjpa-jdbc/src/main/java/org/apache/openjpa/jdbc/meta/ReverseMappingTool.java
19,openjpa-kernel,JPQLExpressionBuilder,57,206,2591,1870,120,15.58,openjpa-kernel/src/main/java/org/apache/openjpa/kernel/jpql/JPQLExpressionBuilder.java
20,openjpa-jdbc,JDBCStoreManager,55,105,1990,1484,121,12.26,openjpa-jdbc/src/main/java/org/apache/openjpa/jdbc/kernel/JDBCStoreManager.java
21,openjpa-kernel,Reflection,55,93,1006,624,67,9.31,openjpa-kernel/src/main/java/org/apache/openjpa/enhance/Reflection.java
22,openjpa-kernel,StateManagerImpl,54,143,3707,2646,192,13.78,openjpa-kernel/src/main/java/org/apache/openjpa/kernel/StateManagerImpl.java
23,openjpa-jdbc,SchemaTool,54,109,1736,1136,74,15.35,openjpa-jdbc/src/main/java/org/apache/openjpa/jdbc/schema/SchemaTool.java
24,openjpa-kernel,TCPRemoteCommitProvider,52,78,958,640,49,13.06,openjpa-kernel/src/main/java/org/apache/openjpa/event/TCPRemoteCommitProvider.java
25,openjpa-persistence,XMLPersistenceMetaDataSerializer,51,57,1539,1102,90,12.24,openjpa-persistence/src/main/java/org/apache/openjpa/persistence/XMLPersistenceMetaDataSerializer.java
26,openjpa-persistence,AnnotationPersistenceMetaDataSerializer,50,56,1570,1102,100,11.02,openjpa-persistence/src/main/java/org/apache/openjpa/persistence/AnnotationPersistenceMetaDataSerializer.java
27,openjpa-jdbc,ForeignKey,50,79,1030,658,67,9.82,openjpa-jdbc/src/main/java/org/apache/openjpa/jdbc/schema/ForeignKey.java
28,openjpa-jdbc,TableJDBCSeq,49,57,1000,624,49,12.73,openjpa-jdbc/src/main/java/org/apache/openjpa/jdbc/kernel/TableJDBCSeq.java
29,openjpa-lib,LoggingConnectionDecorator,48,73,2515,2054,216,9.51,openjpa-lib/src/main/java/org/apache/openjpa/lib/jdbc/LoggingConnectionDecorator.java
30,openjpa-kernel,ApplicationIdTool,48,57,1488,1038,48,21.63,openjpa-kernel/src/main/java/org/apache/openjpa/enhance/ApplicationIdTool.java
31,openjpa-lib,ConfigurationImpl,48,73,1172,773,66,11.71,openjpa-lib/src/main/java/org/apache/openjpa/lib/conf/ConfigurationImpl.java
32,openjpa-kernel,AbstractCFMetaDataFactory,45,96,1125,820,32,25.63,openjpa-kernel/src/main/java/org/apache/openjpa/meta/AbstractCFMetaDataFactory.java
33,openjpa-persistence,PersistenceProductDerivation,44,97,1034,764,43,17.77,openjpa-persistence/src/main/java/org/apache/openjpa/persistence/PersistenceProductDerivation.java
34,openjpa-jdbc,MappingTool,43,61,1232,747,54,13.83,openjpa-jdbc/src/main/java/org/apache/openjpa/jdbc/meta/MappingTool.java
35,openjpa-jdbc,ClassMappingInfo,43,20,681,452,55,8.22,openjpa-jdbc/src/main/java/org/apache/openjpa/jdbc/meta/ClassMappingInfo.java
36,openjpa-jdbc,PostgresDictionary,42,82,1135,809,57,14.19,openjpa-jdbc/src/main/java/org/apache/openjpa/jdbc/sql/PostgresDictionary.java
37,openjpa-lib,Files,42,41,328,216,11,19.64,openjpa-lib/src/main/java/org/apache/openjpa/lib/util/Files.java
38,openjpa-jdbc,DB2Dictionary,41,61,1283,936,54,17.33,openjpa-jdbc/src/main/java/org/apache/openjpa/jdbc/sql/DB2Dictionary.java
39,openjpa-persistence,PersistenceMetaDataDefaults,40,52,998,711,44,16.16,openjpa-persistence/src/main/java/org/apache/openjpa/persistence/PersistenceMetaDataDefaults.java
40,openjpa-persistence,CriteriaQueryImpl,40,47,799,537,49,10.96,openjpa-persistence/src/main/java/org/apache/openjpa/persistence/criteria/CriteriaQueryImpl.java
41,openjpa-persistence,PersistenceMetaDataFactory,40,15,641,473,46,10.28,openjpa-persistence/src/main/java/org/apache/openjpa/persistence/PersistenceMetaDataFactory.java
42,openjpa-persistence-jdbc,AnnotationPersistenceMappingParser,37,67,2265,1858,83,22.39,openjpa-persistence-jdbc/src/main/java/org/apache/openjpa/persistence/jdbc/AnnotationPersistenceMappingParser.java
43,openjpa-jdbc,MappingInfo,37,121,1927,1278,59,21.66,openjpa-jdbc/src/main/java/org/apache/openjpa/jdbc/meta/MappingInfo.java
44,openjpa-lib,ClassArgParser,37,64,642,457,23,19.87,openjpa-lib/src/main/java/org/apache/openjpa/lib/meta/ClassArgParser.java
45,openjpa-xmlstore,XMLFileHandler,34,63,662,461,19,24.26,openjpa-xmlstore/src/main/java/org/apache/openjpa/xmlstore/XMLFileHandler.java
46,openjpa-persistence,Joins,33,44,779,586,62,9.45,openjpa-persistence/src/main/java/org/apache/openjpa/persistence/criteria/Joins.java
47,openjpa-jdbc,H2Dictionary,33,8,486,411,27,15.22,openjpa-jdbc/src/main/java/org/apache/openjpa/jdbc/sql/H2Dictionary.java
48,openjpa-kernel,Filters,32,92,1142,877,37,23.70,openjpa-kernel/src/main/java/org/apache/openjpa/kernel/Filters.java
49,openjpa-persistence,PersistenceUnitInfoImpl,32,27,618,452,52,8.69,openjpa-persistence/src/main/java/org/apache/openjpa/persistence/PersistenceUnitInfoImpl.java
50,openjpa-lib,ConcurrentReferenceHashMap,31,64,1153,745,81,9.20,openjpa-lib/src/main/java/org/apache/openjpa/lib/util/concurrent/ConcurrentReferenceHashMap.java
51,openjpa-kernel,ExpressionStoreQuery,31,79,911,627,63,9.95,openjpa-kernel/src/main/java/org/apache/openjpa/kernel/ExpressionStoreQuery.java
52,openjpa-jdbc,PCPath,30,175,1208,947,68,13.93,openjpa-jdbc/src/main/java/org/apache/openjpa/jdbc/kernel/exps/PCPath.java
53,openjpa-persistence-jdbc,XMLPersistenceMappingSerializer,29,40,768,613,33,18.58,openjpa-persistence-jdbc/src/main/java/org/apache/openjpa/persistence/jdbc/XMLPersistenceMappingSerializer.java
54,openjpa-persistence,AnnotationPersistenceXMLMetaDataParser,29,31,273,188,11,17.09,openjpa-persistence/src/main/java/org/apache/openjpa/persistence/AnnotationPersistenceXMLMetaDataParser.java
55,openjpa-jdbc,JDBCConfigurationImpl,28,21,1077,830,87,9.54,openjpa-jdbc/src/main/java/org/apache/openjpa/jdbc/conf/JDBCConfigurationImpl.java
56,openjpa-jdbc,QueryResultMapping,28,34,660,405,47,8.62,openjpa-jdbc/src/main/java/org/apache/openjpa/jdbc/meta/QueryResultMapping.java
57,openjpa-kernel,AutomaticManagedRuntime,27,54,328,230,9,25.56,openjpa-kernel/src/main/java/org/apache/openjpa/ee/AutomaticManagedRuntime.java
58,openjpa-kernel,DetachManager,26,47,891,640,37,17.30,openjpa-kernel/src/main/java/org/apache/openjpa/kernel/DetachManager.java
59,openjpa-slice,DistributedJDBCConfigurationImpl,26,24,701,516,41,12.59,openjpa-slice/src/main/java/org/apache/openjpa/slice/jdbc/DistributedJDBCConfigurationImpl.java
60,openjpa-jdbc,TableSchemaFactory,26,26,517,352,23,15.30,openjpa-jdbc/src/main/java/org/apache/openjpa/jdbc/schema/TableSchemaFactory.java
61,openjpa-lib,ProductDerivations,26,48,511,342,20,17.10,openjpa-lib/src/main/java/org/apache/openjpa/lib/conf/ProductDerivations.java
62,openjpa-persistence,SourceCode,25,56,1107,827,92,8.99,openjpa-persistence/src/main/java/org/apache/openjpa/persistence/util/SourceCode.java
63,openjpa-kernel,CodeGenerator,25,18,632,383,31,12.35,openjpa-kernel/src/main/java/org/apache/openjpa/enhance/CodeGenerator.java
64,openjpa-jdbc,NativeJDBCSeq,25,24,482,295,27,10.93,openjpa-jdbc/src/main/java/org/apache/openjpa/jdbc/kernel/NativeJDBCSeq.java
65,openjpa-jdbc,ClassMapping,24,61,1177,728,83,8.77,openjpa-jdbc/src/main/java/org/apache/openjpa/jdbc/meta/ClassMapping.java
66,openjpa-jdbc,SQLBuffer,24,60,699,468,41,11.41,openjpa-jdbc/src/main/java/org/apache/openjpa/jdbc/sql/SQLBuffer.java
67,openjpa-kernel,ValueMetaDataImpl,24,42,566,427,48,8.90,openjpa-kernel/src/main/java/org/apache/openjpa/meta/ValueMetaDataImpl.java
68,openjpa-kernel,JavaTypes,24,35,545,386,16,24.13,openjpa-kernel/src/main/java/org/apache/openjpa/meta/JavaTypes.java
69,openjpa-jdbc,Schema,24,13,354,218,26,8.38,openjpa-jdbc/src/main/java/org/apache/openjpa/jdbc/schema/Schema.java
70,openjpa-persistence,AbstractManagedType,23,17,1122,716,81,8.84,openjpa-persistence/src/main/java/org/apache/openjpa/persistence/meta/AbstractManagedType.java
71,openjpa-kernel,SingleFieldManager,23,67,929,688,34,20.24,openjpa-kernel/src/main/java/org/apache/openjpa/kernel/SingleFieldManager.java
72,openjpa-persistence-jdbc,AnnotationPersistenceMappingSerializer,23,40,814,650,35,18.57,openjpa-persistence-jdbc/src/main/java/org/apache/openjpa/persistence/jdbc/AnnotationPersistenceMappingSerializer.java
73,openjpa-kernel,AbstractBrokerFactory,23,30,921,579,46,12.59,openjpa-kernel/src/main/java/org/apache/openjpa/kernel/AbstractBrokerFactory.java
74,openjpa-jdbc,MySQLDictionary,23,28,541,389,23,16.91,openjpa-jdbc/src/main/java/org/apache/openjpa/jdbc/sql/MySQLDictionary.java
75,openjpa-lib,CFMetaDataParser,23,37,373,224,26,8.62,openjpa-lib/src/main/java/org/apache/openjpa/lib/meta/CFMetaDataParser.java
76,openjpa-persistence,ValidatorImpl,23,15,395,223,18,12.39,openjpa-persistence/src/main/java/org/apache/openjpa/persistence/validation/ValidatorImpl.java
77,openjpa-lib,LogFactoryImpl,23,11,372,220,26,8.46,openjpa-lib/src/main/java/org/apache/openjpa/lib/log/LogFactoryImpl.java
78,openjpa-lib,AbstractHashedMap,22,92,1394,750,92,8.15,openjpa-lib/src/main/java/org/apache/openjpa/lib/util/collections/AbstractHashedMap.java
79,openjpa-lib,ConcurrentHashMap,22,64,986,556,66,8.42,openjpa-lib/src/main/java/org/apache/openjpa/lib/util/concurrent/ConcurrentHashMap.java
80,openjpa-jdbc,MariaDBDictionary,22,29,552,393,25,15.72,openjpa-jdbc/src/main/java/org/apache/openjpa/jdbc/sql/MariaDBDictionary.java
81,openjpa-persistence,PathImpl,22,32,330,208,24,8.67,openjpa-persistence/src/main/java/org/apache/openjpa/persistence/criteria/PathImpl.java
82,openjpa-jdbc,JDBCStoreQuery,21,87,1143,906,52,17.42,openjpa-jdbc/src/main/java/org/apache/openjpa/jdbc/kernel/JDBCStoreQuery.java
83,openjpa-lib,Configurations,21,43,774,517,32,16.16,openjpa-lib/src/main/java/org/apache/openjpa/lib/conf/Configurations.java
84,openjpa-jdbc,XMLSchemaParser,21,120,628,437,34,12.85,openjpa-jdbc/src/main/java/org/apache/openjpa/jdbc/schema/XMLSchemaParser.java
85,openjpa-lib,FormatPreservingProperties,21,63,727,434,40,10.85,openjpa-lib/src/main/java/org/apache/openjpa/lib/util/FormatPreservingProperties.java
86,openjpa-kernel,QueryKey,21,18,483,296,19,15.58,openjpa-kernel/src/main/java/org/apache/openjpa/datacache/QueryKey.java
87,openjpa-kernel,InstrumentationFactory,21,36,386,224,11,20.36,openjpa-kernel/src/main/java/org/apache/openjpa/enhance/InstrumentationFactory.java
88,openjpa-kernel,DataCacheStoreManager,20,64,862,614,23,26.70,openjpa-kernel/src/main/java/org/apache/openjpa/datacache/DataCacheStoreManager.java
89,openjpa-jdbc,ResultSetResult,20,26,608,467,57,8.19,openjpa-jdbc/src/main/java/org/apache/openjpa/jdbc/sql/ResultSetResult.java
90,openjpa-kernel,AbstractLRSProxyMap,20,16,565,404,49,8.24,openjpa-kernel/src/main/java/org/apache/openjpa/util/AbstractLRSProxyMap.java
91,openjpa-jdbc,LRSProxyMap,20,24,442,365,22,16.59,openjpa-jdbc/src/main/java/org/apache/openjpa/jdbc/meta/strats/LRSProxyMap.java
92,openjpa-lib,Options,20,39,650,355,26,13.65,openjpa-lib/src/main/java/org/apache/openjpa/lib/util/Options.java
93,openjpa-kernel,InverseManager,20,26,425,268,19,14.11,openjpa-kernel/src/main/java/org/apache/openjpa/kernel/InverseManager.java
94,openjpa-jdbc,RelationFieldStrategy,19,61,1147,894,45,19.87,openjpa-jdbc/src/main/java/org/apache/openjpa/jdbc/meta/strats/RelationFieldStrategy.java
95,openjpa-persistence,QueryImpl,18,16,692,510,52,9.81,openjpa-persistence/src/main/java/org/apache/openjpa/persistence/QueryImpl.java
96,openjpa-jdbc,ValueMappingImpl,18,25,625,489,49,9.98,openjpa-jdbc/src/main/java/org/apache/openjpa/jdbc/meta/ValueMappingImpl.java
97,openjpa-kernel,DynamicStorageGenerator,18,51,611,396,24,16.50,openjpa-kernel/src/main/java/org/apache/openjpa/enhance/DynamicStorageGenerator.java
98,openjpa-jdbc,PrimaryRow,18,30,501,352,33,10.67,openjpa-jdbc/src/main/java/org/apache/openjpa/jdbc/sql/PrimaryRow.java
99,openjpa-jdbc,SQLStoreQuery,18,34,428,295,21,14.05,openjpa-jdbc/src/main/java/org/apache/openjpa/jdbc/kernel/SQLStoreQuery.java
100,openjpa-kernel,ExtentImpl,18,22,379,278,26,10.69,openjpa-kernel/src/main/java/org/apache/openjpa/kernel/ExtentImpl.java
101,openjpa-kernel,PCClassFileTransformer,18,24,295,199,13,15.31,openjpa-kernel/src/main/java/org/apache/openjpa/enhance/PCClassFileTransformer.java
102,openjpa-kernel,FetchConfigurationImpl,17,123,1177,907,84,10.80,openjpa-kernel/src/main/java/org/apache/openjpa/kernel/FetchConfigurationImpl.java
103,openjpa-kernel,ApplicationIds,17,39,733,561,38,14.76,openjpa-kernel/src/main/java/org/apache/openjpa/util/ApplicationIds.java
104,openjpa-kernel,LifecycleEventManager,17,66,657,482,27,17.85,openjpa-kernel/src/main/java/org/apache/openjpa/event/LifecycleEventManager.java
105,openjpa-jdbc,SolidDBDictionary,17,19,544,395,22,17.95,openjpa-jdbc/src/main/java/org/apache/openjpa/jdbc/sql/SolidDBDictionary.java
106,openjpa-kernel,AbstractPCData,17,28,427,308,13,23.69,openjpa-kernel/src/main/java/org/apache/openjpa/kernel/AbstractPCData.java
107,openjpa-jdbc,ValueMappingInfo,17,14,402,265,28,9.46,openjpa-jdbc/src/main/java/org/apache/openjpa/jdbc/meta/ValueMappingInfo.java
108,openjpa-jdbc,ClassTableJDBCSeq,17,17,277,169,14,12.07,openjpa-jdbc/src/main/java/org/apache/openjpa/jdbc/kernel/ClassTableJDBCSeq.java
109,openjpa-jdbc,PreparedQueryCacheImpl,16,7,501,364,38,9.58,openjpa-jdbc/src/main/java/org/apache/openjpa/jdbc/kernel/PreparedQueryCacheImpl.java
110,openjpa-kernel,AbstractExpressionBuilder,16,27,611,356,24,14.83,openjpa-kernel/src/main/java/org/apache/openjpa/kernel/exps/AbstractExpressionBuilder.java
111,openjpa-kernel,AbstractLRSProxyCollection,16,10,460,325,40,8.13,openjpa-kernel/src/main/java/org/apache/openjpa/util/AbstractLRSProxyCollection.java
112,openjpa-jdbc,PreparedStatementManagerImpl,16,25,317,226,20,11.30,openjpa-jdbc/src/main/java/org/apache/openjpa/jdbc/kernel/PreparedStatementManagerImpl.java
113,openjpa-kernel,RemoteCommitEvent,16,2,202,95,11,8.64,openjpa-kernel/src/main/java/org/apache/openjpa/event/RemoteCommitEvent.java
114,openjpa-persistence,AbstractQuery,15,22,675,403,33,12.21,openjpa-persistence/src/main/java/org/apache/openjpa/persistence/AbstractQuery.java
115,openjpa-jdbc,PreparedQueryImpl,15,20,458,329,21,15.67,openjpa-jdbc/src/main/java/org/apache/openjpa/jdbc/kernel/PreparedQueryImpl.java
116,openjpa-persistence,MetamodelImpl,15,28,459,310,22,14.09,openjpa-persistence/src/main/java/org/apache/openjpa/persistence/meta/MetamodelImpl.java
117,openjpa-kernel,ResultPacker,15,27,396,277,10,27.70,openjpa-kernel/src/main/java/org/apache/openjpa/kernel/ResultPacker.java
118,openjpa-kernel,MetaDataTool,15,17,357,223,17,13.12,openjpa-kernel/src/main/java/org/apache/openjpa/meta/MetaDataTool.java
119,openjpa-persistence,OpenJPAPersistenceUtil,15,34,328,212,12,17.67,openjpa-persistence/src/main/java/org/apache/openjpa/persistence/OpenJPAPersistenceUtil.java
120,openjpa-kernel,CacheMarshallerImpl,15,16,262,205,16,12.81,openjpa-kernel/src/main/java/org/apache/openjpa/conf/CacheMarshallerImpl.java
121,openjpa-jdbc,LazySchemaFactory,15,9,226,146,18,8.11,openjpa-jdbc/src/main/java/org/apache/openjpa/jdbc/schema/LazySchemaFactory.java
122,openjpa-jdbc,StoreCollectionFieldStrategy,14,29,664,460,21,21.90,openjpa-jdbc/src/main/java/org/apache/openjpa/jdbc/meta/strats/StoreCollectionFieldStrategy.java
123,openjpa-junit5,OpenJPADirectoriesEnhancer,14,29,372,319,23,13.87,openjpa-junit5/src/main/java/org/apache/openjpa/junit5/internal/OpenJPADirectoriesEnhancer.java
124,openjpa-jdbc,BatchingPreparedStatementManagerImpl,14,28,368,254,15,16.93,openjpa-jdbc/src/main/java/org/apache/openjpa/jdbc/kernel/BatchingPreparedStatementManagerImpl.java
125,openjpa-kernel,DataCachePCDataGenerator,14,13,326,227,9,25.22,openjpa-kernel/src/main/java/org/apache/openjpa/datacache/DataCachePCDataGenerator.java
126,openjpa-jdbc,DBCPDriverDataSource,14,17,310,195,15,13.00,openjpa-jdbc/src/main/java/org/apache/openjpa/jdbc/schema/DBCPDriverDataSource.java
127,openjpa-jdbc,LRSProxyCollection,14,5,244,189,14,13.50,openjpa-jdbc/src/main/java/org/apache/openjpa/jdbc/meta/strats/LRSProxyCollection.java
128,openjpa-kernel,LifecycleMetaData,14,16,273,161,11,14.64,openjpa-kernel/src/main/java/org/apache/openjpa/meta/LifecycleMetaData.java
129,openjpa-jdbc,FieldMappingInfo,13,15,470,312,34,9.18,openjpa-jdbc/src/main/java/org/apache/openjpa/jdbc/meta/FieldMappingInfo.java
130,openjpa-persistence,AnnotationProcessor6,13,42,442,310,15,20.67,openjpa-persistence/src/main/java/org/apache/openjpa/persistence/meta/AnnotationProcessor6.java
131,openjpa-persistence,CriteriaExpressionBuilder,13,44,379,280,12,23.33,openjpa-persistence/src/main/java/org/apache/openjpa/persistence/criteria/CriteriaExpressionBuilder.java
132,openjpa-kernel,ManagedCache,13,31,309,196,9,21.78,openjpa-kernel/src/main/java/org/apache/openjpa/kernel/ManagedCache.java
133,openjpa-kernel,JMSRemoteCommitProvider,13,13,292,194,13,14.92,openjpa-kernel/src/main/java/org/apache/openjpa/event/JMSRemoteCommitProvider.java
134,openjpa-kernel,SavepointFieldManager,13,15,249,155,15,10.33,openjpa-kernel/src/main/java/org/apache/openjpa/kernel/SavepointFieldManager.java
135,openjpa-kernel,DataCacheManagerImpl,13,4,239,149,17,8.76,openjpa-kernel/src/main/java/org/apache/openjpa/datacache/DataCacheManagerImpl.java
136,openjpa-kernel,DelayedLinkedListProxy,12,11,724,607,73,8.32,openjpa-kernel/src/main/java/org/apache/openjpa/util/proxy/DelayedLinkedListProxy.java
137,openjpa-kernel,DelayedVectorProxy,12,13,686,578,72,8.03,openjpa-kernel/src/main/java/org/apache/openjpa/util/proxy/DelayedVectorProxy.java
138,openjpa-kernel,AbstractQueryCache,12,29,686,480,55,8.73,openjpa-kernel/src/main/java/org/apache/openjpa/datacache/AbstractQueryCache.java
139,openjpa-persistence,PersistenceProviderImpl,12,21,488,294,20,14.70,openjpa-persistence/src/main/java/org/apache/openjpa/persistence/PersistenceProviderImpl.java
140,openjpa-kernel,AttachManager,12,24,370,239,11,21.73,openjpa-kernel/src/main/java/org/apache/openjpa/kernel/AttachManager.java
141,openjpa-lib,XMLMetaDataSerializer,12,15,362,225,22,10.23,openjpa-lib/src/main/java/org/apache/openjpa/lib/meta/XMLMetaDataSerializer.java
142,openjpa-jdbc,RowManagerImpl,12,16,303,199,18,11.06,openjpa-jdbc/src/main/java/org/apache/openjpa/jdbc/sql/RowManagerImpl.java
143,openjpa-lib,MultiClassLoader,12,14,294,174,20,8.70,openjpa-lib/src/main/java/org/apache/openjpa/lib/util/MultiClassLoader.java
144,openjpa-lib,FileMetaDataIterator,12,13,198,141,11,12.82,openjpa-lib/src/main/java/org/apache/openjpa/lib/meta/FileMetaDataIterator.java
145,openjpa-kernel,Serialization,12,10,219,139,14,9.93,openjpa-kernel/src/main/java/org/apache/openjpa/util/Serialization.java
146,openjpa-jest,JESTServlet,12,15,180,99,8,12.38,openjpa-jest/src/main/java/org/apache/openjpa/persistence/jest/JESTServlet.java
147,openjpa-jdbc,RelationRelationMapTableFieldStrategy,11,25,584,486,24,20.25,openjpa-jdbc/src/main/java/org/apache/openjpa/jdbc/meta/strats/RelationRelationMapTableFieldStrategy.java
148,openjpa-jdbc,PagingResultObjectProvider,11,21,468,309,16,19.31,openjpa-jdbc/src/main/java/org/apache/openjpa/jdbc/kernel/PagingResultObjectProvider.java
149,openjpa-jdbc,FinderCacheImpl,11,7,413,277,25,11.08,openjpa-jdbc/src/main/java/org/apache/openjpa/jdbc/kernel/FinderCacheImpl.java
150,openjpa-kernel,MethodStoreQuery,11,15,320,244,14,17.43,openjpa-kernel/src/main/java/org/apache/openjpa/kernel/MethodStoreQuery.java
151,openjpa-kernel,ManagedClassSubclasser,11,26,332,229,10,22.90,openjpa-kernel/src/main/java/org/apache/openjpa/enhance/ManagedClassSubclasser.java
152,openjpa-jest,JESTContext,11,18,329,197,11,17.91,openjpa-jest/src/main/java/org/apache/openjpa/persistence/jest/JESTContext.java
153,openjpa-kernel,RemoteCommitEventManager,11,10,267,163,18,9.06,openjpa-kernel/src/main/java/org/apache/openjpa/event/RemoteCommitEventManager.java
154,openjpa-kernel,InterfaceImplGenerator,11,27,245,159,8,19.88,openjpa-kernel/src/main/java/org/apache/openjpa/meta/InterfaceImplGenerator.java
155,openjpa-lib,RandomAccessResultList,11,25,244,156,14,11.14,openjpa-lib/src/main/java/org/apache/openjpa/lib/rop/RandomAccessResultList.java
156,openjpa-jdbc,FinderQueryImpl,11,8,197,141,10,14.10,openjpa-jdbc/src/main/java/org/apache/openjpa/jdbc/kernel/FinderQueryImpl.java
157,openjpa-jdbc,ValueTableJDBCSeq,11,13,216,122,9,13.56,openjpa-jdbc/src/main/java/org/apache/openjpa/jdbc/kernel/ValueTableJDBCSeq.java
158,openjpa-lib,JDBCEventConnectionDecorator,10,18,520,436,34,12.82,openjpa-lib/src/main/java/org/apache/openjpa/lib/jdbc/JDBCEventConnectionDecorator.java
159,openjpa-jdbc,HandlerRelationMapTableFieldStrategy,10,18,498,408,23,17.74,openjpa-jdbc/src/main/java/org/apache/openjpa/jdbc/meta/strats/HandlerRelationMapTableFieldStrategy.java
160,openjpa-jdbc,SybaseDictionary,10,14,499,318,21,15.14,openjpa-jdbc/src/main/java/org/apache/openjpa/jdbc/sql/SybaseDictionary.java
161,openjpa-kernel,VersionAttachStrategy,10,32,431,311,12,25.92,openjpa-kernel/src/main/java/org/apache/openjpa/kernel/VersionAttachStrategy.java
162,openjpa-xmlstore,ObjectData,10,9,391,226,16,14.13,openjpa-xmlstore/src/main/java/org/apache/openjpa/xmlstore/ObjectData.java
163,openjpa-jdbc,QualifiedDBIdentifier,10,17,361,210,25,8.40,openjpa-jdbc/src/main/java/org/apache/openjpa/jdbc/identifier/QualifiedDBIdentifier.java
164,openjpa-jdbc,StoredProcedureQuery,10,22,218,166,13,12.77,openjpa-jdbc/src/main/java/org/apache/openjpa/jdbc/kernel/StoredProcedureQuery.java
165,openjpa-kernel,Exceptions,10,16,291,160,12,13.33,openjpa-kernel/src/main/java/org/apache/openjpa/util/Exceptions.java
166,openjpa-lib,MergedResultObjectProvider,10,16,239,158,13,12.15,openjpa-lib/src/main/java/org/apache/openjpa/lib/rop/MergedResultObjectProvider.java
167,openjpa-jdbc,ElementEmbedValueHandler,10,9,208,137,9,15.22,openjpa-jdbc/src/main/java/org/apache/openjpa/jdbc/meta/strats/ElementEmbedValueHandler.java
168,openjpa-lib,WindowResultList,10,23,180,127,9,14.11,openjpa-lib/src/main/java/org/apache/openjpa/lib/rop/WindowResultList.java
169,openjpa-kernel,QueryExpressions,10,11,201,124,11,11.27,openjpa-kernel/src/main/java/org/apache/openjpa/kernel/exps/QueryExpressions.java
170,openjpa-kernel,PartitionedDataCache,10,4,191,101,9,11.22,openjpa-kernel/src/main/java/org/apache/openjpa/datacache/PartitionedDataCache.java
171,openjpa-slice,DistributedJDBCStoreManager,9,30,601,456,42,10.86,openjpa-slice/src/main/java/org/apache/openjpa/slice/jdbc/DistributedJDBCStoreManager.java
172,openjpa-persistence,EntityManagerFactoryImpl,9,20,506,381,38,10.03,openjpa-persistence/src/main/java/org/apache/openjpa/persistence/EntityManagerFactoryImpl.java
173,openjpa-jdbc,HandlerFieldStrategy,9,24,467,367,28,13.11,openjpa-jdbc/src/main/java/org/apache/openjpa/jdbc/meta/strats/HandlerFieldStrategy.java
174,openjpa-jdbc,AbstractUpdateManager,9,28,450,320,17,18.82,openjpa-jdbc/src/main/java/org/apache/openjpa/jdbc/kernel/AbstractUpdateManager.java
175,openjpa-jdbc,JoinSet,9,60,416,302,31,9.74,openjpa-jdbc/src/main/java/org/apache/openjpa/jdbc/sql/JoinSet.java
176,openjpa-jdbc,SelectConstructor,9,104,436,292,11,26.55,openjpa-jdbc/src/main/java/org/apache/openjpa/jdbc/kernel/exps/SelectConstructor.java
177,openjpa-kernel,FetchGroup,9,13,393,220,19,11.58,openjpa-kernel/src/main/java/org/apache/openjpa/meta/FetchGroup.java
178,openjpa-kernel,ClearableScheduler,9,33,274,196,12,16.33,openjpa-kernel/src/main/java/org/apache/openjpa/datacache/ClearableScheduler.java
179,openjpa-jdbc,ConstPath,9,24,258,185,21,8.81,openjpa-jdbc/src/main/java/org/apache/openjpa/jdbc/kernel/exps/ConstPath.java
180,openjpa-slice,UniqueResultObjectProvider,9,17,216,169,10,16.90,openjpa-slice/src/main/java/org/apache/openjpa/slice/jdbc/UniqueResultObjectProvider.java
181,openjpa-jest,JSONObject,9,6,247,162,17,9.53,openjpa-jest/src/main/java/org/apache/openjpa/json/JSONObject.java
182,openjpa-jest,JSONObject,9,6,247,162,17,9.53,openjpa-jest/src/main/java/org/apache/openjpa/persistence/jest/JSONObject.java
183,openjpa-jdbc,CollectionParam,9,39,214,159,13,12.23,openjpa-jdbc/src/main/java/org/apache/openjpa/jdbc/kernel/exps/CollectionParam.java
184,openjpa-lib,Services,9,19,233,136,10,13.60,openjpa-lib/src/main/java/org/apache/openjpa/lib/util/Services.java
185,openjpa-lib,AbstractTask,9,9,223,132,13,10.15,openjpa-lib/src/main/java/org/apache/openjpa/lib/ant/AbstractTask.java
186,openjpa-lib,JarFileURLMetaDataIterator,9,8,199,129,8,16.13,openjpa-lib/src/main/java/org/apache/openjpa/lib/meta/JarFileURLMetaDataIterator.java
187,openjpa-slice,DistributedBrokerImpl,9,11,182,114,13,8.77,openjpa-slice/src/main/java/org/apache/openjpa/slice/DistributedBrokerImpl.java
188,openjpa-lib,TreeBidiMap,8,81,2254,1246,146,8.53,openjpa-lib/src/main/java/org/apache/openjpa/lib/util/collections/TreeBidiMap.java
189,openjpa-kernel,AsmHelper,8,42,696,516,24,21.50,openjpa-kernel/src/main/java/org/apache/openjpa/util/asm/AsmHelper.java
190,openjpa-jest,XMLFormatter,8,47,536,412,14,29.43,openjpa-jest/src/main/java/org/apache/openjpa/persistence/jest/XMLFormatter.java
191,openjpa-jdbc,FirebirdDictionary,8,12,502,348,19,18.32,openjpa-jdbc/src/main/java/org/apache/openjpa/jdbc/sql/FirebirdDictionary.java
192,openjpa-jdbc,DataSourceFactory,8,21,331,226,9,25.11,openjpa-jdbc/src/main/java/org/apache/openjpa/jdbc/schema/DataSourceFactory.java
193,openjpa-jdbc,EmbedValueHandler,8,22,324,223,10,22.30,openjpa-jdbc/src/main/java/org/apache/openjpa/jdbc/meta/strats/EmbedValueHandler.java
194,openjpa-jest,JSONObjectFormatter,8,21,304,223,9,24.78,openjpa-jest/src/main/java/org/apache/openjpa/persistence/jest/JSONObjectFormatter.java
195,openjpa-jdbc,HandlerHandlerMapTableFieldStrategy,8,6,281,217,16,13.56,openjpa-jdbc/src/main/java/org/apache/openjpa/jdbc/meta/strats/HandlerHandlerMapTableFieldStrategy.java
196,openjpa-jdbc,PessimisticLockManager,8,10,247,160,13,12.31,openjpa-jdbc/src/main/java/org/apache/openjpa/jdbc/kernel/PessimisticLockManager.java
197,openjpa-kernel,CandidatePath,8,13,233,158,19,8.32,openjpa-kernel/src/main/java/org/apache/openjpa/kernel/exps/CandidatePath.java
198,openjpa-kernel,SaveFieldManager,8,9,248,148,9,16.44,openjpa-kernel/src/main/java/org/apache/openjpa/kernel/SaveFieldManager.java
199,openjpa-jdbc,ObjectIdValueHandler,8,6,185,137,10,13.70,openjpa-jdbc/src/main/java/org/apache/openjpa/jdbc/meta/strats/ObjectIdValueHandler.java
200,openjpa-jdbc,LocalConstraint,8,9,203,108,13,8.31,openjpa-jdbc/src/main/java/org/apache/openjpa/jdbc/schema/LocalConstraint.java
201,openjpa-persistence,SourceAnnotationHandler,7,53,769,504,39,12.92,openjpa-persistence/src/main/java/org/apache/openjpa/persistence/meta/SourceAnnotationHandler.java
202,openjpa-jdbc,DBIdentifierUtilImpl,7,33,504,372,28,13.29,openjpa-jdbc/src/main/java/org/apache/openjpa/jdbc/identifier/DBIdentifierUtilImpl.java
203,openjpa-jdbc,ConstraintUpdateManager,7,18,561,330,18,18.33,openjpa-jdbc/src/main/java/org/apache/openjpa/jdbc/kernel/ConstraintUpdateManager.java
204,openjpa-jdbc,RelationToManyInverseKeyFieldStrategy,7,21,404,309,16,19.31,openjpa-jdbc/src/main/java/org/apache/openjpa/jdbc/meta/strats/RelationToManyInverseKeyFieldStrategy.java
205,openjpa-jdbc,HandlerCollectionTableFieldStrategy,7,12,332,259,20,12.95,openjpa-jdbc/src/main/java/org/apache/openjpa/jdbc/meta/strats/HandlerCollectionTableFieldStrategy.java
206,openjpa-jest,AbstractCommand,7,15,358,256,26,9.85,openjpa-jest/src/main/java/org/apache/openjpa/persistence/jest/AbstractCommand.java
207,openjpa-lib,DepthFirstAnalysis,7,23,347,198,16,12.38,openjpa-lib/src/main/java/org/apache/openjpa/lib/graph/DepthFirstAnalysis.java
208,openjpa-kernel,WASManagedRuntime,7,22,376,189,21,9.00,openjpa-kernel/src/main/java/org/apache/openjpa/ee/WASManagedRuntime.java
209,openjpa-lib,LazyForwardResultList,7,25,217,161,20,8.05,openjpa-lib/src/main/java/org/apache/openjpa/lib/rop/LazyForwardResultList.java
210,openjpa-jdbc,Param,7,23,179,128,14,9.14,openjpa-jdbc/src/main/java/org/apache/openjpa/jdbc/kernel/exps/Param.java
211,openjpa-jdbc,AbstractJDBCSeq,7,12,230,127,13,9.77,openjpa-jdbc/src/main/java/org/apache/openjpa/jdbc/kernel/AbstractJDBCSeq.java
212,openjpa-kernel,JMXProvider,7,13,192,112,8,14.00,openjpa-kernel/src/main/java/org/apache/openjpa/instrumentation/jmx/JMXProvider.java
213,openjpa-lib,ZipFileMetaDataIterator,7,7,163,112,9,12.44,openjpa-lib/src/main/java/org/apache/openjpa/lib/meta/ZipFileMetaDataIterator.java
214,openjpa-lib,ZipStreamMetaDataIterator,7,10,159,100,12,8.33,openjpa-lib/src/main/java/org/apache/openjpa/lib/meta/ZipStreamMetaDataIterator.java
215,openjpa-jdbc,SQLProjectionResultObjectProvider,7,6,140,93,10,9.30,openjpa-jdbc/src/main/java/org/apache/openjpa/jdbc/kernel/SQLProjectionResultObjectProvider.java
216,openjpa-jdbc,SQLServerDictionary,6,29,471,327,25,13.08,openjpa-jdbc/src/main/java/org/apache/openjpa/jdbc/sql/SQLServerDictionary.java
217,openjpa-jdbc,HSQLDictionary,6,18,417,325,22,14.77,openjpa-jdbc/src/main/java/org/apache/openjpa/jdbc/sql/HSQLDictionary.java
218,openjpa-jdbc,InformixDictionary,6,17,468,314,22,14.27,openjpa-jdbc/src/main/java/org/apache/openjpa/jdbc/sql/InformixDictionary.java
219,openjpa-jdbc,MapTableFieldStrategy,6,14,338,261,22,11.86,openjpa-jdbc/src/main/java/org/apache/openjpa/jdbc/meta/strats/MapTableFieldStrategy.java
220,openjpa-jdbc,RelationToManyTableFieldStrategy,6,15,303,237,14,16.93,openjpa-jdbc/src/main/java/org/apache/openjpa/jdbc/meta/strats/RelationToManyTableFieldStrategy.java
221,openjpa-slice,DistributedStoreQuery,6,45,293,228,12,19.00,openjpa-slice/src/main/java/org/apache/openjpa/slice/jdbc/DistributedStoreQuery.java
222,openjpa-jdbc,StateComparisonVersionStrategy,6,5,351,223,27,8.26,openjpa-jdbc/src/main/java/org/apache/openjpa/jdbc/meta/strats/StateComparisonVersionStrategy.java
223,openjpa-kernel,DelegatingQueryCache,6,30,247,183,21,8.71,openjpa-kernel/src/main/java/org/apache/openjpa/datacache/DelegatingQueryCache.java
224,openjpa-jdbc,GetMapValue,6,9,231,166,18,9.22,openjpa-jdbc/src/main/java/org/apache/openjpa/jdbc/kernel/exps/GetMapValue.java
225,openjpa-lib,DocTypeReader,6,19,287,162,16,10.13,openjpa-lib/src/main/java/org/apache/openjpa/lib/xml/DocTypeReader.java
226,openjpa-kernel,LocalManagedRuntime,6,18,231,160,17,9.41,openjpa-kernel/src/main/java/org/apache/openjpa/kernel/LocalManagedRuntime.java
227,openjpa-persistence,CompoundSelections,6,18,230,147,16,9.19,openjpa-persistence/src/main/java/org/apache/openjpa/persistence/criteria/CompoundSelections.java
228,openjpa-jdbc,FoxProDictionary,6,11,191,124,10,12.40,openjpa-jdbc/src/main/java/org/apache/openjpa/jdbc/sql/FoxProDictionary.java
229,openjpa-jdbc,Lit,6,25,169,119,12,9.92,openjpa-jdbc/src/main/java/org/apache/openjpa/jdbc/kernel/exps/Lit.java
230,openjpa-jdbc,PreparedSQLStoreQuery,6,17,173,115,8,14.38,openjpa-jdbc/src/main/java/org/apache/openjpa/jdbc/kernel/PreparedSQLStoreQuery.java
231,openjpa-kernel,MethodLifecycleCallbacks,6,5,166,96,11,8.73,openjpa-kernel/src/main/java/org/apache/openjpa/event/MethodLifecycleCallbacks.java
232,openjpa-jdbc,JDBCRelatedFieldOrder,6,3,117,76,8,9.50,openjpa-jdbc/src/main/java/org/apache/openjpa/jdbc/meta/JDBCRelatedFieldOrder.java
233,openjpa-kernel,DelegatingFetchConfiguration,5,126,670,552,67,8.24,openjpa-kernel/src/main/java/org/apache/openjpa/kernel/DelegatingFetchConfiguration.java
234,openjpa-kernel,AttachStrategy,5,25,588,423,14,30.21,openjpa-kernel/src/main/java/org/apache/openjpa/kernel/AttachStrategy.java
235,openjpa-kernel,DelegatingDataCache,5,63,426,345,37,9.32,openjpa-kernel/src/main/java/org/apache/openjpa/datacache/DelegatingDataCache.java
236,openjpa-jdbc,XMLSchemaSerializer,5,24,470,332,27,12.30,openjpa-jdbc/src/main/java/org/apache/openjpa/jdbc/schema/XMLSchemaSerializer.java
237,openjpa-jdbc,RelationHandlerMapTableFieldStrategy,5,5,328,258,18,14.33,openjpa-jdbc/src/main/java/org/apache/openjpa/jdbc/meta/strats/RelationHandlerMapTableFieldStrategy.java
238,openjpa-lib,StringUtil,5,22,458,253,18,14.06,openjpa-lib/src/main/java/org/apache/openjpa/lib/util/StringUtil.java
239,openjpa-persistence,JPAFacadeHelper,5,34,347,247,12,20.58,openjpa-persistence/src/main/java/org/apache/openjpa/persistence/JPAFacadeHelper.java
240,openjpa-jdbc,HandlerStrategies,5,15,280,192,11,17.45,openjpa-jdbc/src/main/java/org/apache/openjpa/jdbc/meta/strats/HandlerStrategies.java
241,openjpa-jdbc,LobFieldStrategy,5,6,240,191,14,13.64,openjpa-jdbc/src/main/java/org/apache/openjpa/jdbc/meta/strats/LobFieldStrategy.java
242,openjpa-jdbc,JDBCBrokerFactory,5,6,257,182,14,13.00,openjpa-jdbc/src/main/java/org/apache/openjpa/jdbc/kernel/JDBCBrokerFactory.java
243,openjpa-xmlstore,XMLStoreManager,5,6,300,173,14,12.36,openjpa-xmlstore/src/main/java/org/apache/openjpa/xmlstore/XMLStoreManager.java
244,openjpa-jdbc,SecondaryRow,5,8,197,136,11,12.36,openjpa-jdbc/src/main/java/org/apache/openjpa/jdbc/sql/SecondaryRow.java
245,openjpa-jdbc,PrimitiveFieldStrategy,4,13,440,349,26,13.42,openjpa-jdbc/src/main/java/org/apache/openjpa/jdbc/meta/strats/PrimitiveFieldStrategy.java
246,openjpa-jdbc,ColumnVersionStrategy,4,14,381,271,12,22.58,openjpa-jdbc/src/main/java/org/apache/openjpa/jdbc/meta/strats/ColumnVersionStrategy.java
247,openjpa-slice,DistributedSQLStoreQuery,4,43,292,229,12,19.08,openjpa-slice/src/main/java/org/apache/openjpa/slice/jdbc/DistributedSQLStoreQuery.java
248,openjpa-jdbc,MaxEmbeddedLobFieldStrategy,4,7,282,204,17,12.00,openjpa-jdbc/src/main/java/org/apache/openjpa/jdbc/meta/strats/MaxEmbeddedLobFieldStrategy.java
249,openjpa-kernel,ImplHelper,4,9,334,203,15,13.53,openjpa-kernel/src/main/java/org/apache/openjpa/util/ImplHelper.java
250,openjpa-persistence-jdbc,PersistenceMappingDefaults,4,11,261,181,13,13.92,openjpa-persistence-jdbc/src/main/java/org/apache/openjpa/persistence/jdbc/PersistenceMappingDefaults.java
251,openjpa-jdbc,InExpression,4,18,244,159,12,13.25,openjpa-jdbc/src/main/java/org/apache/openjpa/jdbc/kernel/exps/InExpression.java
252,openjpa-persistence,JPAProperties,4,6,224,110,10,11.00,openjpa-persistence/src/main/java/org/apache/openjpa/persistence/JPAProperties.java
253,openjpa-jest,TokenReplacedStream,4,7,189,105,8,13.13,openjpa-jest/src/main/java/org/apache/openjpa/persistence/jest/TokenReplacedStream.java
254,openjpa-jdbc,UntypedPCValueHandler,4,2,145,96,8,12.00,openjpa-jdbc/src/main/java/org/apache/openjpa/jdbc/meta/strats/UntypedPCValueHandler.java
255,openjpa-lib,StringListValue,4,7,151,86,9,9.56,openjpa-lib/src/main/java/org/apache/openjpa/lib/conf/StringListValue.java
256,openjpa-kernel,CollectionChangeTrackerImpl,4,4,133,79,9,8.78,openjpa-kernel/src/main/java/org/apache/openjpa/util/CollectionChangeTrackerImpl.java
257,openjpa-jdbc,JDBCFetchConfigurationImpl,3,35,488,384,36,10.67,openjpa-jdbc/src/main/java/org/apache/openjpa/jdbc/kernel/JDBCFetchConfigurationImpl.java
258,openjpa-kernel,ReflectingPersistenceCapable,3,14,423,331,37,8.95,openjpa-kernel/src/main/java/org/apache/openjpa/enhance/ReflectingPersistenceCapable.java
259,openjpa-jdbc,IngresDictionary,3,8,319,212,8,26.50,openjpa-jdbc/src/main/java/org/apache/openjpa/jdbc/sql/IngresDictionary.java
260,openjpa-lib,SQLFormatter,3,8,275,171,16,10.69,openjpa-lib/src/main/java/org/apache/openjpa/lib/jdbc/SQLFormatter.java
261,openjpa-persistence,AnnotationBuilder,3,13,201,149,16,9.31,openjpa-persistence/src/main/java/org/apache/openjpa/persistence/AnnotationBuilder.java
262,openjpa-kernel,MetaDataCacheMaintenance,3,17,211,146,10,14.60,openjpa-kernel/src/main/java/org/apache/openjpa/conf/MetaDataCacheMaintenance.java
263,openjpa-kernel,RedefinitionHelper,3,4,239,145,15,9.67,openjpa-kernel/src/main/java/org/apache/openjpa/enhance/RedefinitionHelper.java
264,openjpa-lib,PluginListValue,3,9,219,145,12,12.08,openjpa-lib/src/main/java/org/apache/openjpa/lib/conf/PluginListValue.java
265,openjpa-lib,UUIDGenerator,3,11,283,132,10,13.20,openjpa-lib/src/main/java/org/apache/openjpa/lib/util/UUIDGenerator.java
266,openjpa-jest,MetamodelHelper,3,8,185,118,11,10.73,openjpa-jest/src/main/java/org/apache/openjpa/persistence/jest/MetamodelHelper.java
267,openjpa-jdbc,CompareEqualExpression,3,7,150,96,8,12.00,openjpa-jdbc/src/main/java/org/apache/openjpa/jdbc/kernel/exps/CompareEqualExpression.java
268,openjpa-jdbc,TypeLit,3,18,139,92,11,8.36,openjpa-jdbc/src/main/java/org/apache/openjpa/jdbc/kernel/exps/TypeLit.java
269,openjpa-jdbc,StringFieldStrategy,2,6,292,214,25,8.56,openjpa-jdbc/src/main/java/org/apache/openjpa/jdbc/meta/strats/StringFieldStrategy.java
270,openjpa-lib,AbstractNonSequentialResultList,2,6,212,155,19,8.16,openjpa-lib/src/main/java/org/apache/openjpa/lib/rop/AbstractNonSequentialResultList.java
271,openjpa-jdbc,PropertiesReverseCustomizer,2,13,245,152,14,10.86,openjpa-jdbc/src/main/java/org/apache/openjpa/jdbc/meta/PropertiesReverseCustomizer.java
272,openjpa-lib,ClassUtil,2,15,213,139,8,17.38,openjpa-lib/src/main/java/org/apache/openjpa/lib/util/ClassUtil.java
273,openjpa-kernel,ClassLoaderProxyService,2,8,169,129,9,14.33,openjpa-kernel/src/main/java/org/apache/openjpa/util/ClassLoaderProxyService.java
274,openjpa-jdbc,XROP,2,2,208,122,15,8.13,openjpa-jdbc/src/main/java/org/apache/openjpa/jdbc/kernel/XROP.java
275,openjpa-persistence,ParameterExpressionImpl,2,5,171,95,11,8.64,openjpa-persistence/src/main/java/org/apache/openjpa/persistence/criteria/ParameterExpressionImpl.java
276,openjpa-jdbc,ContainerFieldStrategy,2,0,148,91,9,10.11,openjpa-jdbc/src/main/java/org/apache/openjpa/jdbc/meta/strats/ContainerFieldStrategy.java
277,openjpa-kernel,MapChangeTrackerImpl,2,2,141,89,9,9.89,openjpa-kernel/src/main/java/org/apache/openjpa/util/MapChangeTrackerImpl.java
278,openjpa-slice,DistributedJDBCBrokerFactory,2,3,137,86,10,8.60,openjpa-slice/src/main/java/org/apache/openjpa/slice/jdbc/DistributedJDBCBrokerFactory.java
279,openjpa-persistence,PersistenceExceptions,1,11,345,225,14,16.07,openjpa-persistence/src/main/java/org/apache/openjpa/persistence/PersistenceExceptions.java
280,openjpa-kernel,PCSubclassValidator,1,2,288,184,11,16.73,openjpa-kernel/src/main/java/org/apache/openjpa/enhance/PCSubclassValidator.java
281,openjpa-jdbc,RelationStrategies,1,7,253,167,11,15.18,openjpa-jdbc/src/main/java/org/apache/openjpa/jdbc/meta/strats/RelationStrategies.java
282,openjpa-jdbc,VerticalClassStrategy,1,0,169,114,9,12.67,openjpa-jdbc/src/main/java/org/apache/openjpa/jdbc/meta/strats/VerticalClassStrategy.java
283,openjpa-lib,Graph,1,2,188,99,12,8.25,openjpa-lib/src/main/java/org/apache/openjpa/lib/graph/Graph.java
284,openjpa-jdbc,DiscriminatorMappingInfo,1,5,167,94,8,11.75,openjpa-jdbc/src/main/java/org/apache/openjpa/jdbc/meta/DiscriminatorMappingInfo.java
285,openjpa-jdbc,InterbaseDictionary,1,3,141,93,9,10.33,openjpa-jdbc/src/main/java/org/apache/openjpa/jdbc/sql/InterbaseDictionary.java
286,openjpa-jdbc,MaxEmbeddedCharArrayFieldStrategy,1,4,134,92,8,11.50,openjpa-jdbc/src/main/java/org/apache/openjpa/jdbc/meta/strats/MaxEmbeddedCharArrayFieldStrategy.java
287,openjpa-lib,StringDistance,1,3,197,92,8,11.50,openjpa-lib/src/main/java/org/apache/openjpa/lib/util/StringDistance.java
288,openjpa-slice,DistributedDataSource,1,4,124,84,10,8.40,openjpa-slice/src/main/java/org/apache/openjpa/slice/jdbc/DistributedDataSource.java
289,openjpa-jdbc,DelegatingJDBCFetchConfiguration,0,60,344,268,32,8.38,openjpa-jdbc/src/main/java/org/apache/openjpa/jdbc/kernel/DelegatingJDBCFetchConfiguration.java
290,openjpa-lib,ListIteratorWrapper,0,7,270,134,11,12.18,openjpa-lib/src/main/java/org/apache/openjpa/lib/util/collections/ListIteratorWrapper.java
291,openjpa-lib,Bytes,0,2,168,79,8,9.88,openjpa-lib/src/main/java/org/apache/openjpa/lib/util/Bytes.java
